事项名称	事项编号（或序号）	服务类别	办件类型	实施主体	办事依据	申请材料	办事流程描述	办事流程图	承诺期限	收费依据	收费金额	表格下载	受理机构	受理时间	受理地址	岗位（或责任人）	咨询电话	监督电话	详情链接
在校本科生出国成绩单办理	113000QR001	确认服务	即办件	本科生院		本人办理：申请人身份证、校园卡或学生证。他人代办：1.申请人身份证、校园卡或学生证；2.代办人身份证、校园卡或学生证；3.申请人亲笔签名授权代办人的委托书。	1.登录http://appo.zju.edu.cn预约； 2.按照预约日期，携带完整材料至行政服务办事大厅112室26号、27号、28号本科生院窗口办理。	本科生院关于在校本科生出国成绩单办理流程	无	收费依据	各明细标准详见：http://appo.zju.edu.cn网站下的“相关信息”栏	无	行政服务办事大厅	工作日 8:30—12:00  13:00—17:00	行政服务办事大厅112室26号、27号、28号本科生院窗口	赵津婷、洪美莲、谢国娣	88206189  88981221	88981617	http://bsdt.zju.edu.cn/zftal-web/web/lm_sxms.html?transaction_id=113000QR001
各类科研申报材料、报奖材料、验收材料用校印	023000QR005	确认服务	即办件	党办、校办	无	1、各种科研申报材料、报奖材料、验收材料；2、相应负责部门出具的《用校印联系单》。	携带完整材料至行政服务办事大厅107室1号党办校办窗口用印（材料50份以上须电话预  约）	各类科研申报材料、报奖材料、验收材料用校印	无	无	无	无	行政服务办事大厅	工作日8:30—12:00 13:00—17:00	行政服务办事大厅107室1号党办校办窗口	姚晓红	88981609	88981617	http://bsdt.zju.edu.cn/zftal-web/web/lm_sxms.html?transaction_id=023000QR005
户口在紫金港校区集体户口的户籍证明办理	131000QR001	确认服务	即办件	安全保卫处	无	1、用于购房或房屋拆迁、银行卡挂失、公证、就业、考试等需提供：身份证、学生证(或校园卡)； 2、用于办理婚姻登记需提供：计生办证明、身份证、学生证(或校园卡)，本科生还需提供所在院系和学工部盖章（含负责人签字）的本人申请；   3、用于办理护照或通行证需提供：《浙江大学本科生办理护照（通行证）申请表》（一式二份）或《浙江大学研究生因私出国（出境）请假表》、《浙江大学公派出国出（境）申请表（研究生用）（一式二份）。   4、表格下载：《浙江大学本科生办理护照（通行证）申请表》:浙江大学办公网→学校机构→党委安全保卫部→资料下载；《浙江大学研究生因私出国（出境）请假单》：浙江大学研究生管理系统→学籍→学籍异动申请→异动类型。	无	户籍证明办理	无	无	无	浙江大学本科生办理护照（通行证）申请表	行政服务办事大厅	工作日8:30—12：00,13:00—17:00	行政服务办事大厅107室5号、6号安保处窗口	杨扬、张米佳	88206065	88981617	http://bsdt.zju.edu.cn/zftal-web/web/lm_sxms.html?transaction_id=131000QR001
网络账号缴费	407007GG002	公共服务	即办件	图书与信息中心	无	提交下列条件材料其中一项组合：1、用户自带本人校园卡（功能卡或正式卡），并已提前充值；2、“浙江大学”抬头的转账支票+网络账号缴费清单；3、浙江大学内部转账单（需所属单位审核盖章和经费主管签字）+经费本 +网络账号缴费清单；4、浙江大学内部转账单（需所属单位审核盖章和经费主管签字）+一卡通经费卡 +网络账号缴费清单；5、校内经费转账确认单（需所属单位审核盖章和经费主管签字）+网络账号缴费清单；6、浙江大学记帐凭证+网络账号清单。	携带完整材料至行政服务办事大厅111室13号信息中心窗口办理	网络账号缴费	无	浙大校办（1999）11号（关于同意调整水电回收价格等收费标准的批复）；浙大校办（2002）14号（关于同意校网用户包月收费标准的通知）	套餐标准：10元/月、30元/月、50元/月	无	行政服务办事大厅	工作日8:30-12:00 13:00-17:00	行政服务办事大厅111室13号信息中心窗口	袁妍	88981611	88981617	http://bsdt.zju.edu.cn/zftal-web/web/lm_sxms.html?transaction_id=407007GG002
在校本科生出国在读证明办理	113000QR004	确认服务	即办件	本科生院	无	本人办理：申请人身份证、校园卡或学生证。他人代办：1.申请人身份证、校园卡或学生证；2.代办人身份证、校园卡或学生证；3.申请人亲笔签名授权代办人的委托书。	1.登录http://appo.zju.edu.cn预约； 2.在此网站“相关信息”栏下载“在读证明中英文模板”，补充完善个人信息并打印； 3.按照预约日期，携带完整材料至行政服务办事大厅112室办理26号、27号、28号本科生院窗口办理。	本科生院关于在校本科生出国在读证明办理流程	无	收费依据	各明细标准详见：http://appo.zju.edu.cn网站下的“相关信息”栏	在读证明中文模板	行政服务办事大厅	工作日 8:30—12:00  13:00—17:00	行政服务办事大厅112室26号、27号、28号本科生院窗口	栾海燕、洪美莲、谢国娣	88206189  88981221	88981617	http://bsdt.zju.edu.cn/zftal-web/web/lm_sxms.html?transaction_id=113000QR004
交通固定智能通行卡相关业务办理	131000GG004	公共服务	即办件	安全保卫处	无	1、《浙江大学智能通行卡申请表》，学校公务用车办理A类智能卡的，申请表需加盖院级单位公章并提供办理人员的工作证或校园卡原件和复印件；2、其它相关材料（详见《浙江大学校园交通智能化管理实施细则》http://zupo.zju.edu.cn/zupo/attachments/2010-12/01-1293085732-1499343.doc）。	无	交通固定智能通行卡相关业务办理	无	01-1293085732-1499343	详见《浙江大学校园交通智能化管理实施细则》http://zupo.zju.edu.cn/zupo/attachments/2010-12/01-1293085732-1499343.doc	浙江大学智能通行卡申请表（担保类） 2	行政服务办事大厅	工作日8:30—12：00,13:00—17:00	行政服务办事大厅107室3号安保处窗口	李珊	88981685	88981617	http://bsdt.zju.edu.cn/zftal-web/web/lm_sxms.html?transaction_id=131000GG004
教职工、学生出国（境）任务审批	106000XK001	许可服务	承诺件	外事处	《浙江大学关于因公临时出国（境）审批与管理工作的规定》	    1、《浙江大学因公临时出国或赴港澳台申请表》一份（校领导填写正职干部表，其他人员填写与自己相对应的表；表格需正反面打印在同一张纸并保持表格原本样式）；   2、出国（境）人员备案表(根据出访地对应填写）   ①因公临时出国人员备案表（一式一份)   ②因公临时赴港澳人员备案表(一式一份)   ③因公临时赴台人员备案表(一式二份)   3、邀请信复印件一份（邀请人必须具有出访人所去国家或地区的公民资格，所填出访时间与邀请单位须与邀请信的相关内容一致）；   4、工作证复印件一份；   5、如出访费用由外单位支付，还需附上经费资助证明。     	将申请材料带齐后到行政办事大厅115室16号窗口办理	浙江大学办事大厅服务事项流程描述规范外事处	5个工作日(台湾地区除外)	无	免费	因公临时出国（境）办事流程须知	无	工作日8:30—12:00 13:00-17:00	行政服务办事大厅115室16号外事处窗口	无	88981261	88981617	http://bsdt.zju.edu.cn/zftal-web/web/lm_sxms.html?transaction_id=106000XK001
紫金港校区学生户籍迁出手续办理	131000GG002	公共服务	即办件	安全保卫处	无	1、户口迁入就业单位的毕业生需提供：报到证、身份证；2、户口挂靠人才交流中心的毕业生需提供：同意落户证明、身份证；3、户口迁回家庭所在地的毕业生需提供：报到证（或毕业证）、家庭户口簿地址页复印件、身份证；4、因改派需要更改户口迁移证的毕业生需提供材料：变更后的报到证、身份证、原户口迁移证；5、转学或退学学生需提供材料：转学或退学决定、身份证。	无	紫金港校区学生户籍迁出手续办理	无	无	无	浙江大学毕业生户口缓迁申请表	行政服务办事大厅	工作日8:30—12：00,13:00—17:00	行政服务办事大厅107室5号、6号安保处窗口	杨扬、张米佳	88206065	88981617	http://bsdt.zju.edu.cn/zftal-web/web/lm_sxms.html?transaction_id=131000GG002
交通固定智能通行卡充值、续费业务办理	131000GG005	公共服务	即办件	安全保卫处	无	交通固定智能通行卡或提供车牌号码	携带完整材料至行政服务办事大厅107室3号安保处窗口安保处窗口办理	交通固定智能通行卡充值、续费业务办理	无	01-1293085732-1499343	详见《浙江大学校园交通智能化管理实施细则》http://zupo.zju.edu.cn/zupo/attachments/2010-12/01-1293085732-1499343.doc	无	行政服务办事大厅	工作日8:30—12：00,13:00—17:00	行政服务办事大厅107室3号安保处窗口	李珊	88981685	88981617	http://bsdt.zju.edu.cn/zftal-web/web/lm_sxms.html?transaction_id=131000GG005
各类学习证书用校印	023000QR001	确认服务	即办件	党办、校办	无	1、学生证、毕业证书、学位证书、结业证书、国内访问学者证书、继续教育证书等学习证书原件；2、相应负责部门出具的名册及《用校印联系单》。	携带完整材料至行政服务办事大厅107室1号党办校办窗口用印（材料50份以上须电话预  约）	各类学习证书用校印	无	无	无	无	行政服务办事大厅	工作日8:30—12:00 13:00—17:00	行政服务办事大厅107室1号党办校办窗口	姚晓红	88981609	88981617	http://bsdt.zju.edu.cn/zftal-web/web/lm_sxms.html?transaction_id=023000QR001
网络账号申请	407007GG001	公共服务	即办件	图书与信息中心	无	1、 本人身份证或护照（或其它有效身份证件）； 2、 本人校园卡(蓝色正式卡和黄色功能卡,持紫色消费卡的校外人员不能办理）。	携带完整材料至行政服务办事大厅111室13号信息中心窗口办理	网络账号申请	无	浙大校办（1999）11号（关于同意调整水电回收价格等收费标准的批复）；浙大校办（2002）14号（关于同意校网用户包月收费标准的通知）	注册费：10元，套餐标准：10元/月、30元/月、50元/月	无	行政服务办事大厅	工作日8:30-12:00 13:00-17:00	行政服务办事大厅111室13号信息中心窗口	袁妍	88981611	88981617	http://bsdt.zju.edu.cn/zftal-web/web/lm_sxms.html?transaction_id=407007GG001
公派出国手续相关材料用校印	023000QR011	确认服务	即办件	党办、校办	无	1、公派出国手续相关材料原件；2、人事处或外事处出具的《用校印联系单》。	携带完整材料至行政服务办事大厅107室1号党办校办窗口用印	公派出国手续相关材料用校印	无	无	无	无	行政服务办事大厅	工作日8:30—12:00 13:00—17:00	行政服务办事大厅107室1号党办校办窗口	姚晓红	88981609	88981617	http://bsdt.zju.edu.cn/zftal-web/web/lm_sxms.html?transaction_id=023000QR011
网络账号信息修改、过户	407007GG003	公共服务	即办件	图书与信息中心	无	修改账号信息：提交本人身份证或护照+校园卡；网络过户：提交原户主身份证或护照及被过户人（只能是没有开过网络账号的师生员工）身份证或护照+校园卡（正式卡或功能卡）；	携带完整材料至行政服务办事大厅111室13号信息中心窗口办理	网络账号修改、过户	无	无	免费	无	行政服务办事大厅	工作日8:30-12:00 13:00-17:00	行政服务办事大厅111室13号信息中心窗口	袁妍	88981611	88981617	http://bsdt.zju.edu.cn/zftal-web/web/lm_sxms.html?transaction_id=407007GG003
户口在紫金港校区的学生电子离校	131000QR003	确认服务	即办件	安全保卫处	无	无	无	无	无	无	无	无	行政服务办事大厅	工作日8:30-12:00  13:00-17:00	行政服务办事大厅107室5、6号安保处窗口	杨扬、张米佳	88206065	88981617	http://bsdt.zju.edu.cn/zftal-web/web/lm_sxms.html?transaction_id=131000QR003
学校工作证、退休证、职称证书以及以学校名义发的聘书、荣誉证书用校印	023000QR002	确认服务	即办件	党办、校办	无	1、学校工作证、退休证、职称证书以及以学校名义发的聘书、荣誉证书原件；2、学校相关发文及相应负责部门出具的《用校印联系单》。	携带完整材料至行政服务办事大厅107室1号党办校办窗口用印（材料50份以上须电话预  约）	学校工作证、退休证、职称证书以及以学校名义发的聘书、荣誉证书用校印	无	无	无	无	行政服务办事大厅	工作日8:30—12:00 13:00—17:00	行政服务办事大厅107室1号党办校办窗口	姚晓红	88981609	88981617	http://bsdt.zju.edu.cn/zftal-web/web/lm_sxms.html?transaction_id=023000QR002
校园卡缴网络费凭证打印	407007GG005	公共服务	即办件	图书与信息中心	无	缴费人校园卡	携带完整材料至行政服务办事大厅111室13号信息中心窗口办理	校园卡缴网络费凭证打印	无	无	免费	无	行政服务办事大厅	工作日8:30-12:00 13:00-17:00	行政服务办事大厅111室13号信息中心窗口	袁妍	88981611	88981617	http://bsdt.zju.edu.cn/zftal-web/web/lm_sxms.html?transaction_id=407007GG005
英语免修确认	108000QR005	确认服务	即办件	研究生	无	1、研究生须持研究生证（校园卡）、英语考试等级证书原件和复印件（右上角注明本人学号）一份；2、已经在本学期选修研究生英语课程的研究生，本次不受理免修确认；3、六级证书遗失的研究生，须出具由国家六级考试委员会（上海）补办的正式证书，由学校教务部门出具的证明无效；4、逾期没有办理免修确认的研究生，视同放弃本次免修申请；	1、上网申请研究生学位英语免修；； 2、在规定时间内到行政服务办事大厅研究生院窗口/研究生培养处现场确认英语免修。	无	无	无	无	无	无	规定办理免修的工作日8:30—12:00 13:00-17:00	行政服务办事大厅研究生院窗口	无	88981563、87951396	88981617	http://bsdt.zju.edu.cn/zftal-web/web/lm_sxms.html?transaction_id=108000QR005
学生办理护照时的在校证明	131000XK009	许可服务	即办件	安全保卫处	杭州市公安局出入境管理局要求	1、学生证或校园卡。    2、《浙江大学本科生办理护照（通行证）申请表》（一式二份）或《浙江大学研究生因私出国（出境）请假表》、《浙江大学公派出国出（境）申请表（研究生用）（一式二份）。   3、表格下载：《浙江大学本科生办理护照（通行证）申请表》:浙江大学办公网→学校机构→党委安全保卫部→资料下载；《浙江大学研究生因私出国（出境）请假单》：浙江大学研究生管理系统→学籍→学籍异动申请→异动类型。	无	无	无	无	无	在校学生证明（公安局文本）	行政服务办事大厅	工作日8:30—12：00,13:00—17:00	行政服务办事大厅107室6号安保处窗口	张米佳	88206065	88981617	http://bsdt.zju.edu.cn/zftal-web/web/lm_sxms.html?transaction_id=131000XK009
各类以学校名义对外的外汇提款、开立银行账户、各类科研经费相关材料用校印	023000QR007	确认服务	即办件	党办、校办	无	1、外汇提款、开立银行账户、各类科研经费相关材料原件；2、计划财务处出具的《用校印联系单》。	携带完整材料至行政服务办事大厅107室1号党办校办窗口用印	各类以学校名义对外的外汇提款、开立银行账户、各类科研经费相关材料用校印	无	无	无	无	行政服务办事大厅	工作日8:30—12:00 13:00—17:00	行政服务办事大厅107室1号党办校办窗口	姚晓红	88981609	88981617	http://bsdt.zju.edu.cn/zftal-web/web/lm_sxms.html?transaction_id=023000QR007
临时居住证办理	131000QT002	其他服务	承诺件	安全保卫处	无	《浙江省流动人口居住登记信息表》，身份证复印件，1寸照片2张	至行政服务办事大厅107室5、6号安保处（综合）窗口现场填写信息表→办事窗口审核、受理。如因出国出境急用，请当场说明，由工作人员开具联系单自己到圣苑北路12号办理。	无	15天	无	无	无	安全保卫处	工作日8:30-112:00--13：00-17：00	行政服务办事大厅107室5、6号安保处（综合）窗口	张米佳	0571-88981685	0571-88981617	http://bsdt.zju.edu.cn/zftal-web/web/lm_sxms.html?transaction_id=131000QT002
校园卡正式卡办理	704001GG001	公共服务	即办件	后勤集团	无	根据情况提交下列材料组合之一：1、 本人身份证和学校人事部门报到通知单； 2、 本人身份证和本科、研究生录取通知书；3、 本人身份证或护照和国际教育学院录取通知书。	携带完整材料至行政服务办事大厅111室15号校园卡窗口办理	校园卡正式卡办理	无	无	首张免费	无	行政服务办事大厅	工作日8:30—12:00 13:00-17:00	行政服务办事大厅111室15号校园卡窗口	梁晓珍	88981606	88981617	http://bsdt.zju.edu.cn/zftal-web/web/lm_sxms.html?transaction_id=704001GG001
以“浙江大学”落款的文件、公文用校印	023000QR003	确认服务	即办件	党办、校办	无	1、以“浙江大学”落款的文件、公函原件（需套“浙江大学”专用红头纸，邀请函还需获得校办分管主任同意）；2、相应负责部门出具的《用校印联系单》。	携带完整材料至行政服务办事大厅107室1号党办校办窗口用印	以“浙江大学”落款的文件、公文用校印	无	无	无	无	行政服务办事大厅	工作日8:30—12:00 13:00—17:00	行政服务办事大厅107室1号党办校办窗口	姚晓红	88981609	88981617	http://bsdt.zju.edu.cn/zftal-web/web/lm_sxms.html?transaction_id=023000QR003
经费分成审批	136000XK003	许可服务	即办件	社会科学研究院	无	1.科研项目合同书2份 2.到款记账凭证 3.文科横向科研项目经费预算表3份	携完整材料至行政服务办事大厅111室7号社科院窗口办理	无	无	无	无	无	行政服务办事大厅	工作日8:30-12:00 13:00-17:00	行政服务办事大厅111室7号社科院窗口	朱莲英	88981602	88981617	http://bsdt.zju.edu.cn/zftal-web/web/lm_sxms.html?transaction_id=136000XK003
学校名下各类车辆的年审、保险、理赔、报废等相关材料用校印	023000QR010	确认服务	即办件	党办、校办	无	1、学校名下的各类车辆的年审、保险、理赔、报废等相关材料原件；2、后勤管理处出具的《用校印联系单》（或通过后勤管理处网络审批）。	携带完整材料至行政服务办事大厅107室1号党办校办窗口用印	学校名下各类车辆的年审、保险、理赔、报废等相关材料用校印	无	无	无	无	行政服务办事大厅	工作日8:30—12:00 13:00—17:00	行政服务办事大厅107室1号党办校办窗口	姚晓红	88981609	88981617	http://bsdt.zju.edu.cn/zftal-web/web/lm_sxms.html?transaction_id=023000QR010
研究生在读证明办理	108000QR002	确认服务	即办件	在读研究生	无	1. 申请人身份证件：身份证或研究生证或校园卡(个人信息和照片清晰)；代办人需携带委托人的身份证原件及授权委托书。2. 《浙江大学在读证明申请表》（导师签名和学院研究生科签名盖章）。3. 《浙江大学研究生在读证明》（境外用版本或境内用版本）。需有去向部门的名称,如学校名、使馆、会议主办者等，一个抬头只出具一份	携带完整材料至行政服务办事大厅研究生院窗口办理	研究生在读证明办理	无	无	无	附件3-2：在读证明国内用版本	研究生管理处	工作日8:30—12:00 13:00-17:00	行政服务办事大厅研究生院窗口	无	88981563、87951446	88981617	http://bsdt.zju.edu.cn/zftal-web/web/lm_sxms.html?transaction_id=108000QR002
本科生因公临时出国（境）申请表审核用印	113000GG001	公共服务	即办件	本科生院	无	《浙江大学因公临时出国或赴港澳台人员申请表（本科生）》（需申请人签名、所在院系审核盖章）	1.填写《浙江大学因公临时出国或赴港澳台人员申请表（本科生）》； 2.院系审核审核用印； 3.本科生院审核用印。	本科生院关于本科生因公临时出国（境）申请表审核用印流程	即办件	无	无	浙江大学因公临时出国或赴港澳台申请表（本科生用）和人员备案表	行政服务办事大厅	工作日 8:30—12:00  13:00—17:00	行政服务办事大厅112室26号本科生院窗口	栾海燕	88206189	88981617	http://bsdt.zju.edu.cn/zftal-web/web/lm_sxms.html?transaction_id=113000GG001
非首次纵向科研经费分成办理	135000QT001	其他服务	承诺件	科研院	《关于调整国家科技计划和公益性行业科技专项经费管理办法若干规定的通知》（财教[2011]434号）；《关于印发浙江省省级科技研发和成果转化项目经费管理暂行办法的通知》（浙财教[2012]357号）；《浙江大学科研项目经费管理办法》/《浙江大学关于国家科技计划等课题间接费用管理的规定（试行）》/《浙江大学关于浙江省省级科技研发和成果转化项目间接费用管理的规定（试行）》（浙大发计[2010]15号、16号、17号)；《浙江大学发放纵向科技项目绩效支出的实施细则（试行）》（浙大发科〔2012〕7号）	1、合同书（或任务书、预算书）复印件2、财务到款核销代码3、经费转拨申请单（经费外拨）；项目经费到款校内分卡申请单（校内分卡）	无	非首次纵向科研经费分成办理	2个工作日	无	无	无	行政服务办事大厅	工作日8:30—12:00 13:00-17:00	行政服务办事大厅111室9号、10号科研院窗口	方晨鹏	88981603	88981617	http://bsdt.zju.edu.cn/zftal-web/web/lm_sxms.html?transaction_id=135000QT001
环评报告（表）（送审稿或者报批稿）用校印审批	135000XK001	许可服务	即办件	科研院	《浙江大学科技项目过程管理办法》（浙大发科[2012]4号）	1、完成的环评报告/表；2、环评室开具的用校印申请单；3、科研管理系统生成的校内合同号。	携带完整材料至行政服务办事大厅111室9号、10号科研院窗口办理→凭科研院窗口开具  的用校印联系单至行政服务办事大厅1号党办校办窗口盖学校公章	环评报告（表）（送审稿或者报批稿）用校印审批	无	无	无	无	行政服务办事大厅	工作日8:30—12:00 13:00-17:00	行政服务办事大厅111室9号、10号科研院窗口	方晨鹏	88981603	88981617	http://bsdt.zju.edu.cn/zftal-web/web/lm_sxms.html?transaction_id=135000XK001
非基金类项目（社科）合同审核与签订	136000QT001	其他服务	即办件	社会科学研究院	无	《科研项目合同书》	携带完整材料至行政服务办事大厅111室7号社科院窗口办理	非基金类项目（社科）合同审核与签订	无	无	无	科研项目合同书	行政服务办事大厅	工作日8:30—12:00 13:00-17:00	行政服务办事大厅111室7号社科院窗口	朱莲英	88981602	88981617	http://bsdt.zju.edu.cn/zftal-web/web/lm_sxms.html?transaction_id=136000QT001
科研经费支付设备费审批	135000XK006	许可服务	承诺件	科研院	《关于调整国家科技计划和公益性行业科技专项经费管理办法若干规定的通知》（财教[2011]434号）；《关于印发浙江省省级科技研发和成果转化项目经费管理暂行办法的通知》（浙财教[2012]357号）；《浙江大学科研项目经费管理办法》（浙大发计[2010]15号）	1、购置(自制)单价40万元(含)以上大型仪器设备可行性论证与审批表（需所属单位审核盖章）；                             2、合同书（或任务书、预算书）复印件。	无	科研经费支付设备费审批	1-3个工作日	无	无	购置(自制)单价40万元(含)以上大型仪器设备可行性论证与审批表	行政服务办事大厅	工作日8:30—12:00 13:00-17:00	行政服务办事大厅111室9号、10号科研院窗口	方晨鹏	88981603	88981617	http://bsdt.zju.edu.cn/zftal-web/web/lm_sxms.html?transaction_id=135000XK006
办理出国成绩证明	108000QT009	其他服务	承诺件	无	无	1.提交申请人身份证明材料：身份证、学生证或单位人事部门证明复印件（校对原件）。 2.提交申请人的毕业证书和学位证书复印件1份（校对原件）。 3.毕业生需携带由学校档案馆出具的在校成绩单1份和学位申请书1份；符合办理条件的在校研究生可直接上网查询成绩。 4.提交自己制作、翻译及打印好的中文、英文成绩单各一张或英文学位、毕业证书翻译件各一张。	查询、翻译、打印成绩单（或毕业证书和学位证书）→提交研究生院→复核、交费→复印（使用专用防伪纸）→签字盖章→密封盖章。	无	4	无	12元/1份出国成绩单；70元/1份出国成绩单和学位、毕业证书翻译	无	无	工作日办理（9：00—11：30）（寒暑假除外），三个工作日取件。	行政服务办事大厅112室29号研究生院窗口	研究生培养处	88981563、87951136	88981617	http://bsdt.zju.edu.cn/zftal-web/web/lm_sxms.html?transaction_id=108000QT009
本科毕业证明书、学位证明书补办	113000GG008	公共服务	即办件	本科生院	无	1.身份证原件； 2.遗失登报声明； 3.由学校档案馆出具的当年入学录取名册、毕业生名册和在校成绩单； 4.近期免冠正面2寸相片。	请携带以下材料至行政服务办事大厅26号本科生院窗口办理： （1）原毕业证书、学位证书的遗失登报声明，报纸要求公开发行，全国各地均可； （2）本人身份证原件，代办人需代办人身份证原件、委托人的身份证原件及由委托人本人签名的委托书； （3）由学校档案馆出具的当年入学录取名册、毕业生名册和在校成绩单； （4）近期免冠正面2寸相片（黑白、彩色均可）2张。	本科生院关于本科毕业证明书、学位证明书补办流程	无	收费依据	50元/张，毕业证学位证同时补办100元。	无	行政服务办事大厅	工作日 8:30-12:00 ，1:00-5:00 （星期五下午15：00以后不办公）,，寒暑假不对外办理	行政服务办事大厅112室26号本科生院窗口	栾海燕	88206189	88981617	http://bsdt.zju.edu.cn/zftal-web/web/lm_sxms.html?transaction_id=113000GG008
非基金类项目（社科）票据预借审批	136000QT002	其他服务	即办件	社会科学研究院	浙大发计[2009]8号	1、与各级政府或主管部门签订的合同书、协议书； 2、《浙江大学票据预借申请表》； 3、非基金类项目经费折（用以抵押保证金）；        4、承诺书（仅横向课题需要）；	携带完整材料至行政服务办事大厅111室7号社科院窗口审核（纵向课题也可由所属单位审核）→凭审核材料至计财处预借票据	非基金类项目（社科）票据预借审批	无	无	无	预借发票承诺书	行政服务办事大厅	工作日8:30—12:00 13:00-17:00	行政服务办事大厅111室7号社科院窗口	朱莲英	88981602	88981617	http://bsdt.zju.edu.cn/zftal-web/web/lm_sxms.html?transaction_id=136000QT002
专项经费50万元及以上科研项目(课题)年度决算或结题决算财务报表数据审核	122000QR002	确认服务	即办件	计划财务处	无	项目（课题）的年度决算或结题决算财务报表、外拨合作单位的年度决算或结题决算财务报表、项目（课题）经费代码	课题组提交项目（课题）的年度决算或结题决算财务报表、外拨合作单位的年度决算或结题决算财务报表、项目（课题）经费代码→财务人员审查核对项目（课题）实际执行数与相关决算财务报表上的填报数→财务人员开具用印单→办事大厅党办、校办用印窗口用印	无	无	无	无	无	行政服务办事大厅	工作日8:30-12:00 13:00-17:00	行政服务办事大厅111室8号计划财务处窗口	陈峰	0571-88206383	0571-88981617	http://bsdt.zju.edu.cn/zftal-web/web/lm_sxms.html?transaction_id=122000QR002
非基金类项目（社科）立项审批	136000XK001	许可服务	即办件	社会科学研究院	浙大发计[2010]15号	1、签署生效的《技术咨询合同》、《技术服务合同》或其他版本的合同书、协议书；2、从计财处获取或自行打印的《到款凭证》。	携带完整材料至行政服务办事大厅111室7号社科院窗口办理立项、分成→至计划财务处办理经费到账	非基金类项目（社科）立项审批	无	无	无	无	行政服务办事大厅	工作日8:30—12:00 13:00-17:00	行政服务办事大厅111室7号社科院窗口	朱莲英	88981602	88981617	http://bsdt.zju.edu.cn/zftal-web/web/lm_sxms.html?transaction_id=136000XK001
地方政府、企事业单位科技项目招投标审批	135000QT027	其他服务	即办件	无	无	无	无	无	无	无	无	无	无	无	无	无	无	无	http://bsdt.zju.edu.cn/zftal-web/web/lm_sxms.html?transaction_id=135000QT027
出国成绩排名证明办理	113000QR005	确认服务	即办件	本科生院	无	本人办理：1.申请人身份证、校园卡或学生证；2.院系开具的排名证明（应届毕业生）或各类奖学金的证书原件（在校生和毕业生）。他人代办：1.申请人身份证、校园卡或学生证；2.代办人身份证、校园卡或学生证；3.申请人授权代办人的委托书；4.院系开具的排名证明（应届毕业生）或各类奖学金的证书原件（在校生和毕业生）。    各类证书开具排名的说明：省优秀毕业生证书，5%；校优秀毕业生证书，10%。奖学金证书：两个一等，5%；一个一等一个二等，10%；两个二等或者一个一等一个三等，15%；一个二等一个三等，20%；两个三等，25%。上述奖学金证书必须为不同年度获得的，证书必须带原件。	1.登录http://appo.zju.edu.cn进行预约； 2.选择在此网站“相关信息”栏下载“排名证明英文模板”，补充完善个人信息并打印； 3.按照预约时间携带完整材料至浙江大学行政服务办事大厅112室办理26号、27号、28号本科生院窗口办理。	本科生院关于出国成绩排名证明办理流程	无	收费依据	各明细标准详见：http://appo.zju.edu.cn网站下的“相关信息”栏	出国排明证明英文模板	行政服务办事大厅	工作日 8:30—12:00  13:00—17:00	行政服务办事大厅112室26号、27号、28号本科生院窗口	栾海燕、洪美莲、谢国娣	88206189  88981221	88981617	http://bsdt.zju.edu.cn/zftal-web/web/lm_sxms.html?transaction_id=113000QR005
紫金港校区教职工、学生户籍迁入手续办理	131000GG001	公共服务	即办件	安全保卫处	无	学生：新生入学录取通知书、户口迁移证（迁移证右上角注明学号、手机号）、身份证复印件1份、近期一寸免冠照1张（粘贴在迁移证编码下空白处）、学生迁户口登记表和不迁户口登记表；   新教职工：    附件：在紫金港校区工作的新入职教工户籍迁入手续	无	紫金港校区教职工、学生户籍迁入手续办理	无	无	无	浙江大学办事大厅服务事项流程描述规范安保处	行政服务办事大厅	工作日8:30—12：00,13:00—17:00	行政服务办事大厅107室5号、6号安保处窗口	杨扬、张米佳	88206065	88981617	http://bsdt.zju.edu.cn/zftal-web/web/lm_sxms.html?transaction_id=131000GG001
《浙江大学婚育情况证明》出具	413000QR001	确认服务	即办件	校人口计生办	无	1、《浙江大学婚育情况证明》（须所属单位审核签章，管理学院学生、医学院请在本院网站下载） 2、身份证及复印件二份   3、户口首页和个人页及复印件二份   4、婚姻情况证明及复印件二份【无婚姻登记记录证明（由户籍地婚姻登记处出具）、结婚证、离婚证或丧偶证明】	携带完整材料至行政服务办事大厅115室18号计生办窗口审核签章→计生办窗口出具证明→如遇生育，请按《生殖健康服务证》办事流程办理；如是迁户，请至户籍所在街道办证中心办理	《婚况证明出具》办事流程图	无	无	无	《浙江大学婚育情况证明》	行政服务办事大厅	工作日8:30—12:00 13:00-17:00	行政服务办事大厅115室18号计生办窗口	张晓明	88206352	88981617	http://bsdt.zju.edu.cn/zftal-web/web/lm_sxms.html?transaction_id=413000QR001
非基金类项目预算审批	136000XK004	许可服务	即办件	社会科学研究院	无	《文科横向科研项目经费预算表》3份	携完整材料至行政服务办事大厅111室7号社科院窗口	无	无	无	无	文科横向科研项目经费预算表	行政服务办事大厅	工作日8:30-12:00 13:00-17:00	行政服务办事大厅111室7号社科院窗口	朱莲英	88981602	88981617	http://bsdt.zju.edu.cn/zftal-web/web/lm_sxms.html?transaction_id=136000XK004
研究生因公出国或赴港澳台申请手续办理（国际会议资助者除外）	108000QT005	其他服务	即办件	研究生	无	出国6个月以上留邀请信复印件、申请表原件； 出国3个月以上6个月以下留邀请信和申请表复印件，原件交外事处； 出国3个月以下原件直接交外事处	研究生网上系统填写表格、导出打印→导师、院系领导签字盖章→窗口电话联系出国办--出国办网上审核--告知窗口审核通过--窗口盖研究生院章（出国6个月以上留邀请信复印件、申请表原件；出国3个月以上6个月以下留邀请信和申请表复印件，原件交外事处；出国3个月以下原件直接交外事处）—窗口转交材料至培养处	无	3	无	无	无	公派出国办公室	行政服务办事大厅工作时间	玉泉校区教11-222或办事大厅研究生院窗口	公派出国办公室	87951124、88981563	88981617	http://bsdt.zju.edu.cn/zftal-web/web/lm_sxms.html?transaction_id=108000QT005
以学校名义签订的合同、协议用校印	023000QR004	确认服务	即办件	党办、校办	无	1、以学校名义签订的合同、协议原件；2、相应负责部门出具的《用校印联系单》或相关校领导签字。	携带完整材料至行政服务办事大厅107室1号党办校办窗口用印	以学校名义签订的合同、协议用校印	无	无	无	无	行政服务办事大厅	工作日8:30—12:00 13:00—17:00	行政服务办事大厅107室1号党办校办窗口	姚晓红	88981609	88981617	http://bsdt.zju.edu.cn/zftal-web/web/lm_sxms.html?transaction_id=023000QR004
校园卡销户	704001GG009	公共服务	即办件	后勤集团	无	1、本人身份证或护照； 2、校园卡。	携带完整材料至行政服务办事大厅111室15号校园卡窗口办理	无	无	无	免费	无	行政服务办事大厅	工作日8:30—12:00 13:00-17:00	行政服务办事大厅111室15号校园卡窗口	梁晓珍	88981606	88981617	http://bsdt.zju.edu.cn/zftal-web/web/lm_sxms.html?transaction_id=704001GG009
网络账号注销	407007GG004	公共服务	即办件	图书与信息中心	无	本人身份证或护照（或其它有效身份证件）+校园卡	携带完整材料至行政服务办事大厅111室13号信息中心窗口办理	网络账号注销	无	无	免费	无	行政服务办事大厅	工作日8:30-12:00 13:00-17:00	行政服务办事大厅111室13号信息中心窗口	袁妍	88981611	88981617	http://bsdt.zju.edu.cn/zftal-web/web/lm_sxms.html?transaction_id=407007GG004
校园卡查询	704001GG010	公共服务	即办件	后勤集团	无	1、本人身份证或护照； 2、校园卡。	携带完整材料至行政服务办事大厅111室15号校园卡窗口办理	无	无	无	免费	无	行政服务办事大厅	工作日8:30—12:00 13:00-17:00	行政服务办事大厅111室15号校园卡窗口	梁晓珍	88981606	88981617	http://bsdt.zju.edu.cn/zftal-web/web/lm_sxms.html?transaction_id=704001GG010
预算经费支付出国（境）费用审批	122000XK001	许可服务	即办件	计划财务处	无	浙江大学因公临时出国或赴港澳台申请表（需单位负责人签字，所属单位审核盖章）	携带完整材料至行政服务办事大厅111室8号计划财务处窗口审核盖章→按表中要求复印相应份数交外事处	无	无	无	无	无	行政服务办事大厅	工作日8:30—12:00 13:00-17:00	行政服务办事大厅111室8号计划财务处窗口	陈峰	88206383	88981617	http://bsdt.zju.edu.cn/zftal-web/web/lm_sxms.html?transaction_id=122000XK001
校园卡有效期延长	704001GG004	公共服务	即办件	后勤集团	无	根据情况提交下列材料组合之一：    1、校园卡、本人身份证或护照、续签合同；2、校园卡、本人身份证或护照、延长学籍证明。	携带完整材料至行政服务办事大厅111室15号校园卡窗口办理	校园卡有效期延长	无	无	免费	无	行政服务办事大厅	工作日8:30—12:00 13:00-17:00	行政服务办事大厅111室15号校园卡窗口	梁晓珍	88981606	88981617	http://bsdt.zju.edu.cn/zftal-web/web/lm_sxms.html?transaction_id=704001GG004
在校本科生学生证补办	113000GG012	公共服务	即办件	本科生院	无	无	1、院系或学园工作人员携带相关材料（学生证、经院系审核过的补办申请表）于每年4月、6月、10月、12月的第三周到大厅集中办理；2、或学生携带以上材料到办事大厅办理。	本科生院关于在校本科生学生证补办流程	无	收费依据	补办学生证10元/本，补办火车优惠卡7元/张。	浙江大学本科学生学生证遗失补办申请表	行政服务办事大厅	4月、6月、10月、12月的第三周院系集中受理，其他时间自行到大厅办理。	行政服务办事大厅112室26号本科生院窗口	栾海燕	各院系（学园）本科教学办公室电话	88981617	http://bsdt.zju.edu.cn/zftal-web/web/lm_sxms.html?transaction_id=113000GG012
结婚登记备案	413000QT001	其他服务	即办件	校人口计生办	无	1、本人身份证 2、工作证、学生证（或校园卡）	携带完整材料至行政服务办事大厅115室18号计生办窗口登记备案→凭计生办窗口凭证至办事大厅107室6号安保处窗口进行户籍证明办理	《结婚登记备案》办事流程图	无	无	无	无	行政服务办事大厅	工作日8:30—12:00 13:00-17:00	行政服务办事大厅115室18号计生办窗口	张晓明	88206352	88981617	http://bsdt.zju.edu.cn/zftal-web/web/lm_sxms.html?transaction_id=413000QT001
办理政审、无犯罪记录	131000QR002	确认服务	即办件	安全保卫处	无	政审：   1、提交申请人的身份证原件及复印件；如委托他人办理的，还需提交申请人签字确认的《委托书》和被委托人（必须为近亲属）的身份证原件及复印件。    2、提交申请人所在院级党委（或院级党总支）出具的现实表现证明。该证明需注明申请人在校工作或学习的时间，在校期间是否有违法违纪及参加非法、邪教组织等情况，并由院级党委（或院级党总支）负责人签名和加盖党委（或院级党总支）公章。本科生还需到学工部（东一A101）开具有无违纪行为的证明。   3、至行政服务办事大厅107室6号安保处窗口办理。       无犯罪记录证明   开具对象：居住在校内的全日制在校学生。   提交材料   1、提交申请人的身份证原件及复印件。如委托他人办理，还需提交申请人签字确认的《委托书》和被委托人（近亲属）的身份证原件及复印件。如委托法定监护人代为办理，还应当提供载明监护关系的相关证明原件及复印件；委托律师代为办理的，还应当提供律师执业证复印件并出示原件以及律师事务所介绍信或者公函的原件。   2、提交申请人所在院级党委（或院级党总支）出具的现实表现证明。该证明需注明申请人在校学习的时间，在校期间是否有违法违纪及参加非法、邪教组织等情况，并由院级党委（或院级党总支）书记或副书记签名和加盖院级党委（或院级党总支）公章。本科生还需到学工部（东一A101，87951309）开具有无违纪行为的证明。（附件《现实表现证明模板》）   3、提交开具《无违法犯罪记录证明》的理由及相关证明，如单位公函或单位的相关书面材料。	政审：申请人持以上材料到浙江大学行政服务办事大厅安全保卫处窗口办理。  无犯罪记录证明：申请人持以上材料到浙江大学行政服务办事大厅安全保卫处窗口开具联系单到所属派出所办理： 一、申请人持以上材料到行政服务办事大厅107室安保处综合窗口开具联系单。：  二、至辖区派出所办理。： 1、户籍或居住在紫金港、玉泉、西溪三校区的到西湖区公安分局求是派出所办理。求是派出所地址：紫金港校区东四教学楼一楼；咨询电话：87281395。： 2、户籍或居住在华家池校区的到江干区公安分局凯旋派出所办理。凯旋派出所地址：景昙路129号。： 3、户籍或居住在之江校区的到景区公安分局九溪派出所办理。九溪派出所地址：之江路60号。； br> 户籍在之江校区的到景区公安分局九溪派出所。	无	无	无	无	现实表现证明模板	无	工作日8:30-12:00  13:00-17:00	行政服务办事大厅107室6号安保处窗口	张米佳	88206065	88981617	http://bsdt.zju.edu.cn/zftal-web/web/lm_sxms.html?transaction_id=131000QR002
GPA算法证明用印	113000QR007	确认服务	即办件	本科生院	无	本人办理：1.申请人身份证、校园卡或学生证。他人代办：1.申请人身份证、校园卡或学生证；2.代办人身份证、校园卡或学生证；3.申请人亲笔签名授权代办人的委托书。	1.2002级--2005级学生，携带完整材料至行政服务办事大厅112室26号、27号、28号本科生院窗口办理； 2.在校生及2006级以后（含06级）毕业生，登录http://appo.zju.edu.cn进行预约，选择在此网站“相关信息”栏下载GPA算法证明并打印，按照预约时间携带完整材料至行政服务办事大厅112室26号、27号、28号本科生院窗口办理。	本科生院关于GPA算法证明用印办理流程	无	收费依据	各明细标准详见：http://appo.zju.edu.cn网站下的“相关信息”栏	GPA算法证明英文版	行政服务办事大厅	工作日 8:30—12:00  13:00—17:00	行政服务办事大厅112室26号、27号、28号本科生院窗口	栾海燕、洪美莲、谢国娣	88206189  88981221	88981617	http://bsdt.zju.edu.cn/zftal-web/web/lm_sxms.html?transaction_id=113000QR007
研究生证补办	108000GG001	公共服务	即办件	研究生	无	1、《补发研究生证申请表》一份（需所属院系研究生科签字盖章） 2、1寸照片1张 3、本人身份证或校园卡 4、委托办理需携带申请人的授权委托书。	携带完整材料至行政服务办事大厅研究生院窗口办理→凭研究生院窗口签发的用印联系单至行政服务办事大厅107室1号党办校办窗口用印	研究生证补办	无	无	无	浙江大学补发研究生证申请表201207	研究生管理处	工作日8:30—12:00 13:00-17:00	行政服务办事大厅研究生院窗口	研究生院窗口工作人员	88981563、87951446	88981617	http://bsdt.zju.edu.cn/zftal-web/web/lm_sxms.html?transaction_id=108000GG001
校园卡换卡	704001GG008	公共服务	即办件	后勤集团	无	1、本人身份证或护照	携带完整材料至行政服务办事大厅111室15号校园卡窗口办理	无	无	无	20元/张	无	行政服务办事大厅	工作日8:30—12:00 13:00-17:00	行政服务办事大厅111室15号校园卡窗口	梁晓珍	88981606	88981617	http://bsdt.zju.edu.cn/zftal-web/web/lm_sxms.html?transaction_id=704001GG008
横向科技项目经费预算审批	135000QT028	其他服务	承诺件	无	无	无	无	无	无	无	无	无	无	无	无	无	无	无	http://bsdt.zju.edu.cn/zftal-web/web/lm_sxms.html?transaction_id=135000QT028
非首次横向科研经费分成办理	135000QT002	其他服务	承诺件	科研院	《浙江大学科研项目经费管理办法》(浙大发计[2010]15号)	1、横向科技项目经费预算表2、到款核销代码	无	非首次横向科研经费分成办理	2个工作日	无	无	无	行政服务办事大厅	工作日8:30—12:00 13:00-17:00	行政服务办事大厅116室9号、10号科研院窗口	方晨鹏	88981603	88981617	http://bsdt.zju.edu.cn/zftal-web/web/lm_sxms.html?transaction_id=135000QT002
研究生办理智能交通卡审核	108000QR011	确认服务	即办件	全日制研究生	无	《浙江大学智能通行卡申请表(全日制学生)》	持院系签字盖章后的《浙江大学智能通行卡申请表(全日制学生)》至办事大厅研究生院窗口办理	无	1	无	无	智能交通卡申请表	研究生管理处	行政服务办事大厅工作时间	玉泉校区教11-222或办事大厅研究生院窗口	研究生院窗口工作人员	88981563、87951446	88981617	http://bsdt.zju.edu.cn/zftal-web/web/lm_sxms.html?transaction_id=108000QR011
本科生高等学校入学考试成绩证明（含保送生证明）用印	113000GG003	公共服务	即办件	本科生院	《普通高校新生录取名册》	1.申请人有效身份证、学生证或校园卡； 2.代办人有效身份证、学生证或校园卡，以及申请人的授权委托书； 3.填写完整的《高等学校入学考试成绩证明》或《保送生入学证明》。	1.下载《高等学校入学考试成绩证明》或《保送生入学证明》表格，填写完整并打印； 2.行政服务办事大厅本科生院窗口递交《高等学校入学考试成绩证明》或《保送生入学证明》表格； 3.根据《普通高校新生录取名册》查档用印。	.本科生院关于本科生高等学校入学考试成绩证明（含保送生证明）用印流程	无	无	无	高等学校入学考试成绩证明	行政服务办事大厅	工作日 8:30—12:00  13:00—17:00	行政服务办事大厅112室26号本科生院窗口	栾海燕	88206189	88981617	http://bsdt.zju.edu.cn/zftal-web/web/lm_sxms.html?transaction_id=113000GG003
参保学生就医凭证核发	413000GG014	公共服务	即办件	校医保办	无	1.有效身份证； 2.学生证； 3.1寸彩色近照一张； 4.委托办理的还需代理人身份证。	携带完整材料至行政服务办事大厅115室19号医保办窗口审核→填写证历本个人信息→粘贴照片和防伪标签	无	无	无	无	无	行政服务办事大厅	工作日8:30-12:00 13:00-17:00	行政服务办事大厅115室19号医保办窗口	陆建文	88981591	88981617	http://bsdt.zju.edu.cn/zftal-web/web/lm_sxms.html?transaction_id=413000GG014
横向科技项目首笔经费入账分成	135000QT026	其他服务	承诺件	无	无	无	无	无	无	无	无	无	无	无	无	无	无	无	http://bsdt.zju.edu.cn/zftal-web/web/lm_sxms.html?transaction_id=135000QT026
教职工离校手续（信息中心）办理	407007GG007	公共服务	即办件	图书与信息中心	无	1、纸质离校单；2、本人身份证（或其它有效身份证件）和校园卡。	携带完整材料至行政服务办事大厅111室13号信息中心窗口办理	信息中心教职工离职手续办理	无	无	免费	无	行政服务办事大厅	工作日8:30-12:00 13:00-17:00	行政服务办事大厅111室13号信息中心窗口	袁妍	88981611	88981617	http://bsdt.zju.edu.cn/zftal-web/web/lm_sxms.html?transaction_id=407007GG007
学籍异动办理	108000GG002	公共服务	承诺件	研究生	无	1、《浙江大学研究生学籍异动申请表》（需本人和导师、所属院系研究生科负责人、分管领导签字并加盖院系公章）；2、相关证明材料：（1）因病休学或复学需医院防保科签字盖章；（2）女生生育休学需附已婚证明；（3）退学需附个人说明。因攻读其他学校研究生退学的，还需附录取凭证；（4）特殊延期学生需附《特殊延期安排表》及相关论文材料。	学生本人登录研究生管理信息系统申请并下载表格→导师、学院审批→携带完整材料至  行政服务办事大厅研究生院窗口办理→承诺时限后登陆研究生管理信息系统查询结果	学籍异动办理	7个工作日（部分需省教育厅审核的事务则在七个工作日内提交至教育厅有关处室；退学事务因需经研究生院院务会议审核并经分管校领导审批后发文，一般办理周期为一个月左右）	无	无	无	研究生管理处	工作日8:30—12:00 13:00-17:00	行政服务办事大厅研究生院窗口	研究生院窗口工作人员	88981563、87951446	88981617	http://bsdt.zju.edu.cn/zftal-web/web/lm_sxms.html?transaction_id=108000GG002
全国外语等级考试成绩证明用印	113000GG006	公共服务	即办件	本科生院	无	考试中心网站（http://kszx.zju.edu.cn）历次成绩查询栏目中打印的成绩单（横向打印网页）	1.自行打印历次外语等级考试成绩单（http://kszx.zju.edu.cn）； 2.本科生院审核用印。	本科生院关于全国外语等级考试成绩证明用印流程	无	无	无	无	本科生院	工作日 8:30—12:00  13:00—17:00	行政服务办事大厅112室26号本科生院窗口	栾海燕	88206189	88981617	http://bsdt.zju.edu.cn/zftal-web/web/lm_sxms.html?transaction_id=113000GG006
本科生推荐免试攻读研究生学位申请表审核用印	113000GG002	公共服务	即办件	无	无	《浙江大学推荐免试攻读研究生学位申请表》或相应学校推荐免试攻读研究生学位专用申请表（需申请人签名、所在院系审核盖章）	1.填写《浙江大学推荐免试攻读研究生学位申请表》或相应学校推荐免试攻读研究生学位专用申请表； 2.院系审核用印； 3.本科生院审核用印。	本科生院关于免试研究生推荐表审核用印流程	即办件	无	无	浙江大学推荐免试攻读研究生学位申请表	行政服务办事大厅	工作日 8:30—12:00  13:00—17:00	行政服务办事大厅112室26号本科生院窗口	栾海燕	88206189	88981617	http://bsdt.zju.edu.cn/zftal-web/web/lm_sxms.html?transaction_id=113000GG002
科研项目(课题)预算申请书编制指导与审核	122000QR001	确认服务	即办件	计划财务处	无	项目（课题）预算书	课题组提交项目（课题）预算书→财务人员对项目的目标相关性、政策相符性及经济合理性等指导审核→财务人员开具用印单→办事大厅党办、校办用印窗口用印	无	无	无	无	无	行政服务办事大厅	工作日8:30-12:00 13:00-17:00	行政服务办事大厅111室8号计划财务处窗口	陈峰	0571-88206383	0571-88981617	http://bsdt.zju.edu.cn/zftal-web/web/lm_sxms.html?transaction_id=122000QR001
学位论文答辩特批申请	108000QR006	确认服务	承诺件	研究生	无	《浙江大学研究生学位论文答辩特批申请表》	已经通过学位论文答辩的研究生到学院/系研究生科开具已经通过答辩的证明(盖章)→交办事大厅窗口→办事大厅人员开具浙江大学学位委员会办公室的“通过答辩证明”，即时领取	无	2	无	无	浙江大学研究生学位论文答辩特批申请表20121212	学位办公室	周一至周五工作时间（寒暑假除外）	行政服务办事大厅研究生院窗口	研究生院窗口工作人员	88981563、87953135	88981617	http://bsdt.zju.edu.cn/zftal-web/web/lm_sxms.html?transaction_id=108000QR006
一卡通经费卡在线支付网络费审批	407007GG006	公共服务	即办件	图书与信息中心	无	《经费卡在线支付授权书》（需所属单位审核盖章和经费主管签字）	携带完整材料至行政服务办事大厅111室13号信息中心窗口办理	一卡通经费卡在线支付网络费授权书	无	无	免费	无	行政服务办事大厅	工作日8:30-12:00 13:00-17:00	行政服务办事大厅111室13号信息中心窗口	袁妍	88981611	88981617	http://bsdt.zju.edu.cn/zftal-web/web/lm_sxms.html?transaction_id=407007GG006
身份证办理	131000GG006	公共服务	即办件	学生	无	学生证	持本人学生证到办事大厅办理	无	无	无	无	无	安全保卫处	无	办事大厅6号窗口	张米佳	88206065	88206065	http://bsdt.zju.edu.cn/zftal-web/web/lm_sxms.html?transaction_id=131000GG006
大学生零星参加杭州市大学生医疗保险办理	413000GG013	公共服务	即办件	校医保办	无	1.有效身份证； 2.学生证； 3.原参加过杭州市其他险种所发的医疗证历本。	携带完整材料至行政服务办事大厅115室19号医保办窗口审核→每月25日集中上网申报参保→通知医疗本领用时间。	无	无	无	无	无	行政服务办事大厅	工作日8:30-12：00  13:00-17:00	行政服务办事大厅115室19号医保办窗口	陆建文	88981591	88981617	http://bsdt.zju.edu.cn/zftal-web/web/lm_sxms.html?transaction_id=413000GG013
咨询可代办(房地产处)	129000QT002	其他服务	即办件	无	无	无	无	无	无	无	无	无	无	无	无	无	无	无	http://bsdt.zju.edu.cn/zftal-web/web/lm_sxms.html?transaction_id=129000QT002
本科生学籍证明用印	113000GG004	公共服务	即办件	本科生院	无	各类学籍证明材料（需院系审核用印）	1.自行打印学籍证明材料； 2.院系审核用印； 3.本科生院审核用印。	本科生院关于本科生学籍证明用印流程	无	无	无	在校证明	行政服务办事大厅	工作日 8:30—12:00  13:00—17:00	行政服务办事大厅112室26号本科生院窗口	赵津婷	88206189	88981617	http://bsdt.zju.edu.cn/zftal-web/web/lm_sxms.html?transaction_id=113000GG004
博士生入学考试考生资格审查	108000QR014	确认服务	即办件	全体拟参加复试的博士生考生	无	一、应届硕士毕业考生：①注册完全、有效的研究生证（指每学期都注册盖章的正式颁发研究生证。如果没有，请事先补注册，或由学校一级的研究生管理部门出具在校应届毕业生的证明）原件；②考生确认能够在20xx年9月前毕业，并获得硕士学位的《应届毕业硕士研究生资格保证》。  二、已获硕士学位考生：硕士学位证书、毕业证书原件（在国外获得学位的需出示教育部留学服务中心的国外学历学位认证证明原件）。 三、现役军人考生：除按照以上相应考生的材料外，按解放军总政治部的规定，还需出示军队政治部同意报考的证明。	考生准备审查材料→到研招办→按照要求交验材料→收到研招办盖章，审查人员签名的《20xx年浙江大学博士研究生入学考试报考资格审查表》→完成	无	无	无	无	硕士资格审查	研究生招生处	规定时间段内的周一至周五工作时间	玉泉校区教11研招处或办事大厅研究生院窗口	研究生招生处	87951349、88981563	88981617	http://bsdt.zju.edu.cn/zftal-web/web/lm_sxms.html?transaction_id=108000QR014
《生殖健康服务证》办理	413000QR002	确认服务	即办件	校人口计生办	无	1、《浙江大学研究生学籍异动申请表》（适用于在校女生，请在研究生院“研究生信息系统”中申请并下载）复印件  2、双方《婚育情况证明》（须单位审核签章，管理学院学生、医学院请在本院网站下载）  3、双方户口首页和个人页及复印件二份  4、双方身份证及复印件二份  5、结婚证及复印件二份   6、医学怀孕诊断书及复印件   7、女方1寸照一张   8、婚育服务指南及复印件二份（在杭州市领结婚证的）	携带完整材料至行政服务办事大厅115室18号计生办窗口审核签章-→凭计生办窗口审批材料至领证方户籍所在街道办证中心办理	《准生证办理》办事流程图	无	无	无	《浙江大学育龄妇女信息卡》	行政服务办事大厅	工作日8:30—12:00 13:00-17:00	行政服务办事大厅115室18号计生办窗口	张晓明	88206352	88981617	http://bsdt.zju.edu.cn/zftal-web/web/lm_sxms.html?transaction_id=413000QR002
学位证书用印单	108000QR012	确认服务	即办件	院系	无	当季获得学位研究生名单一份	院系持当季获得学位研究生名单一份，至行政服务办事大厅研究生窗口领取用印单	无	无	无	无	无	学位办公室	行政服务办事大厅工作时间	玉泉校区教11-218或办事大厅研究生院窗口	研究生院窗口工作人员	88981563、87953135	88981617	http://bsdt.zju.edu.cn/zftal-web/web/lm_sxms.html?transaction_id=108000QR012
大学生缴纳参保费	413000GG016	公共服务	即办件	无	无	1.身份证； 2.市医保证历本； 3.委托办理的还需代理人身份证。	携带完整材料至行政服务办事大厅115室19号医保办窗口缴费	无	无	无	30元/学年度	无	行政服务办事大厅	工作日8:30-12:00 13:00-17:00	行政服务办事大厅115室19号医保办窗口	陆建文	88981591	88981617	http://bsdt.zju.edu.cn/zftal-web/web/lm_sxms.html?transaction_id=413000GG016
咨询可代办(人事处)	105000QT002	其他服务	即办件	无	无	无	无	无	无	无	无	无	无	无	无	无	无	无	http://bsdt.zju.edu.cn/zftal-web/web/lm_sxms.html?transaction_id=105000QT002
科研项目(课题) 立项申请、招投标、验收等所需资料提供	122000QR004	确认服务	即办件	计划财务处	无	课题组提交项目（课题）需要有关资料的证明及经办人的校园一卡通等身份证件	课题组提交项目（课题）需要有关资料的证明及经办人的校园一卡通等身份证件→查验有关证明和证件→根据事务需要提供事业单位法人证书、组织机构代码证、税务登记证、学校年度财务报表、开户许可证等资料，并在提供的相应资料上盖上“浙江大学科研业务专用”章	无	无	无	无	无	行政服务办事大厅	工作日8:30-12:00 13:00-17:00	行政服务办事大厅111室8号计划财务处窗口	陈峰	0571-88206383	0571-88206383	http://bsdt.zju.edu.cn/zftal-web/web/lm_sxms.html?transaction_id=122000QR004
非全日制专业学位研究生在读证明	108000GG004	公共服务	即办件	无	无	无	无	无	无	无	无	无	无	无	无	无	无	无	http://bsdt.zju.edu.cn/zftal-web/web/lm_sxms.html?transaction_id=108000GG004
以“中共浙江大学委员会”落款的文件、公文用印	023000QR006	确认服务	即办件	党办、校办	无	1、以“中共浙江大学委员会”落款的文件、公文原件；2、校党委书记或副书记签字或的授权材料。	携带完整材料至行政服务办事大厅107室1号党办校办窗口用印	以“中共浙江大学委员会”落款的文件、公文用印	无	无	无	无	行政服务办事大厅	工作日8:30—12:00 13:00—17:00	行政服务办事大厅107室1号党办校办窗口	姚晓红	88981609	88981617	http://bsdt.zju.edu.cn/zftal-web/web/lm_sxms.html?transaction_id=023000QR006
科研项目（课题）账务调整审批	122000QR003	确认服务	即办件	计划财务处	无	项目（课题）有关账务调整的申请报告（内容包括需账务调整的原因及调整的账务清单）	课题组提交项目（课题）有关账务调整的申请报告（内容包括需账务调整的原因及调整的账务清单）→审查项目（课题）账务调整的必要性、合理性、合规性→财务人员在申请账务调整报告上签署调账意见并盖章	无	无	无	无	无	行政服务办事大厅	工作日8:30-12:00 13:00-17:00	行政服务办事大厅111室8号计划财务处窗口	陈峰	0571-88206383	0571-88981617	http://bsdt.zju.edu.cn/zftal-web/web/lm_sxms.html?transaction_id=122000QR003
校园卡解挂	704001GG003	公共服务	即办件	后勤集团	无	1、本人身份证或护照； 2、校园卡。	携带完整材料至行政服务办事大厅111室15号校园卡窗口办理	校园卡解挂	无	无	免费	无	行政服务办事大厅	工作日8:30—12:00 13:00-17:00	行政服务办事大厅111室15号校园卡窗口	梁晓珍	88981606	88981617	http://bsdt.zju.edu.cn/zftal-web/web/lm_sxms.html?transaction_id=704001GG003
研究生学历/肄业证明办理	108000QR001	确认服务	即办件	研究生	无	学历证明：1、《浙江大学研究生办理学习证明申请表》一份（需所属院系研究生科签字盖章）；2、两寸照片两张（其中一张粘贴到申请表对应位置上）；3、办理学历证明还需提交《浙江大学硕士/博士研究生录取名单》、《浙江大学硕士/博士毕业研究生名单》等档案证明材料（学校档案馆办理）一份；肄业证明:1、办理肄业证明需提交本人成绩单和退学文件（复印件）各一份。	携带完整材料至行政服务办事大厅112室30号研究生院窗口办理→凭研究生院窗口签发  的用印联系单至行政服务办事大厅107室1号党办校办窗口用印	研究生学历/肄业证明办理	无	无	无	附件3：毕业研究生办理学历证明申请	研究生管理处	工作日8:30—12:00 13:00-17:00	行政服务办事大厅研究生院窗口	研究生院窗口工作人员	88981563、87951446	88981617	http://bsdt.zju.edu.cn/zftal-web/web/lm_sxms.html?transaction_id=108000QR001
本科退学证明书办理	113000GG010	公共服务	即办件	本科生院	无	1.本人身份证原件，代办人需代办人身份证原件及由委托人本人签名的委托书； 2.退学文件； 3.离校单； 4.近期免冠正面2寸相片（黑白、彩色均可）1张。	1.审核材料（离校单、委托书存档）； 2.生成证书编号，打印证书； 3.开具用印单； 4.到党办校办窗口，凭用印单在证明书上加盖浙江大学章。	本科生院关于本科退学证明书办理流程	无	无	无	无	行政服务办事大厅	工作日 8:30-12:00  13:00-17:00	行政服务办事大厅112室26号本科生院窗口	栾海燕	88206189	88981617	http://bsdt.zju.edu.cn/zftal-web/web/lm_sxms.html?transaction_id=113000GG010
硕士生入学考试考生资格审查	108000QR015	确认服务	即办件	拟复试的硕士生考生	无	1、应届生出示完整注册后的学生证（高校教务部门颁发的学生证）； 2、往届生出示本科毕业证书原件； 3、单独考试考生出示本科毕业证书原件、专家推荐书（二位副高职以上专家）现工作单位同意委托培养的证明等（强军计划考生无需提供专家推荐书及单位委培证明）；  4、参加法律硕士（非法学）联考的考生前置学历为非法学专业；参加法律硕士（法学）联考的考生前置学历为法学专业； 5、同等学力考生出示大专毕业证书原件{仅限法硕（非法学）}、大学英语四级（或自考公外三级，新的四级英语考试≥430分成绩单，有效期五年）证书原件、专升本成绩单等。	考生准备审查材料→到研招处→按照要求交验材料→收到研招处盖章，审查人员签名的《2013年浙江大学硕士研究生入学考试报考资格审查表》→完成	无	无	无	无	专家推荐书	研究生招生处	规定时间段内的周一至周五工作时间	玉泉校区教11-239或办事大厅研究生院窗口	研究生招生处	87951349、88981563	88981617	http://bsdt.zju.edu.cn/zftal-web/web/lm_sxms.html?transaction_id=108000QR015
本科肄业证明书办理	113000GG009	公共服务	即办件	本科生院	无	1.本人身份证原件，代办人需代办人身份证原件及由委托人本人签名的委托书； 2.退学文件； 3.离校单； 4.近期免冠正面2寸相片（黑白、彩色均可）1张。	1.审核材料（离校单、委托书存档）； 2.生成证书编号，打印证明书； 3.开具用印单； 4.到党办校办窗口，凭用印单在证明书上加盖浙江大学章。	本科生院关于本科肄业证明书办理流程	无	无	无	无	行政服务办事大厅	工作日 8:30-12:00  13:00-17:00	行政服务办事大厅112室26号本科生院窗口	栾海燕	88206189	88981617	http://bsdt.zju.edu.cn/zftal-web/web/lm_sxms.html?transaction_id=113000GG009
以学校名义开具的各类介绍信	023000QR013	确认服务	即办件	党办、校办	无	1、以学校名义开具的各类介绍信原件； 2、相应负责部门出具《用校印联系单》。	紫金港校区请携带完整材料至行政服务办事大厅107室1号党办校办窗口办理；其他校区均可到各校区管委会办理。	以学校名义开具的各类介绍信	无	无	无	无	行政服务办事大厅；各校区管委会（紫金港校区除外）	工作日8:30—12:00 13:00—17:00	行政服务办事大厅107室1号党办校办窗口；各校区管委会（紫金港校区除外）	姚晓红	88981609	88981617	http://bsdt.zju.edu.cn/zftal-web/web/lm_sxms.html?transaction_id=023000QR013
研究生通过学位论文答辩证明办理	108000XK001	许可服务	即办件	无	无	所属学院研究生教育科开具的《研究生通过答辩证明》	携带完整材料至行政服务办事大厅112室30号研究生院窗口办理	研究生通过学位论文答辩证明办理	无	无	无	无	学位办公室	工作日8:30—12:00 13:00-17:00	行政服务办事大厅112室30号研究生院窗口	学位办公室	88981563	88981617	http://bsdt.zju.edu.cn/zftal-web/web/lm_sxms.html?transaction_id=108000XK001
浙江省国库项目用款计划调整	135000QT023	其他服务	承诺件	无	无	无	无	无	无	无	无	无	无	无	无	无	无	无	http://bsdt.zju.edu.cn/zftal-web/web/lm_sxms.html?transaction_id=135000QT023
校园地国家助学贷款申请（5、9月份）	SHFW00QT014	其他服务	承诺件	经学校认定的家庭经济困难生	浙江大学学生资助手册	申请人需出具以下材料：   1、《中国银行国家助学贷款申请审批表》一式三份（样表及填写模板见附件），加盖学院（园）公章（建议电子版填写好后打印，但个人签字与日期必须为手写）；   2、家庭经济情况证明原件（注意公章必须符合要求），证明开具有效时间为申请当年，有效公章类型详见附件；   3、本人对家庭经济情况的说明（手写200字以上）；   4、本人的身份证复印件(需要在有效期内的身份证)、学生证复印件各两份；   5、未成年人需要法定监护人的有效身份证复印件（各一份），以及监护人的书面同意;	每年5、9月份学工部网站资助板块发布通知（www.xgb.zju.edu.cn）→资助中心通过短信平台和辅导员通知学生→申请者从当地民政部门获取家庭经济情况证明原件→准备《中国银行国家助学贷款申请审批表》等材料→备齐材料，上交至学工部贷款服务中心→贷款中心审核→统一盖学工部章→提交给中国银行审核→审核通过者前往银行办理贷款借记卡→在贷款中心和中国银行组织下统一进行贷款考试→合格者签订贷款合同和借款借据→银行终审，准备放款→按相关通知从贷款中心领取个人贷款合同→11月或者12月放款→申请者可上计财处网站查询放款情况	校园地国家助学贷款新申请流程图	无	无	无	校园地助学贷款新申请审批服务事项信息表	学工部资助办公室贷款服务中心	周一至周五上班时间	浙江大学紫金港校区行政办事大厅112室29号窗口	无	88981730	88981617	http://bsdt.zju.edu.cn/zftal-web/web/lm_sxms.html?transaction_id=SHFW00QT014
学校主办期刊年检材料及学校二级法人单位年检材料用校印	023000QR012	确认服务	即办件	党办、校办	无	1、学校主办期刊年检材料原件；2、浙大出版社出具的《用校印联系单》。	携带完整材料至行政服务办事大厅107室1号党办校办窗口用印	学校主办期刊年检材料及学校二级法人单位年检材料用校印	无	无	无	无	行政服务办事大厅	工作日8;30-12：00  13：00-17：00	行政服务办事大厅107室1号党办校办窗口	姚晓红	88981609	88981617	http://bsdt.zju.edu.cn/zftal-web/web/lm_sxms.html?transaction_id=023000QR012
本科生课程简介证明用印	113000QR008	确认服务	即办件	本科生院	无	本人办理：1.申请人身份证、校园卡或学生证；2.自行翻译打印的课程简介的材料。他人代办：1.申请人身份证、校园卡或学生证；2.代办人身份证、校园卡或学生证；3.申请人授权代办人的委托书；4.自行翻译打印的课程简介的材料。	1.2002级--2005级学生，携带完整材料至行政服务办事大厅112室26号、27号、28号本科生院窗口办理； 2.在校生及2006级以后（含06级）毕业生，登录http://appo.zju.edu.cn进行预约，按照预约时间携带完整材料至行政服务办事大厅112室26号、27号、28号本科生院窗口办理。	本科生院关于本科生课程简介证明用印办理流程	无	收费依据	各明细标准详见：http://appo.zju.edu.cn网站下的“相关信息”栏	无	行政服务办事大厅	工作日 8:30—12:00  13:00—17:00	行政服务办事大厅112室26号、27号、28号本科生院窗口	栾海燕、洪美莲、谢国娣	88206189  88981221	88981617	http://bsdt.zju.edu.cn/zftal-web/web/lm_sxms.html?transaction_id=113000QR008
学习成绩评定	108000QR008	确认服务	即办件	研究生	无	1.提供《非上海生源应届普通高校毕业生个人信息表》，申请表学习成绩评定部分信息需填写完整，经所属学院（系）研究生科推荐认定等级及负责人签字，加盖成绩校核章或学院（系）公章； 2.学院出具加盖成绩校核章的研究生成绩单原件； 3.按一级学科招生、授予学位的研究生，如需将归属专业明确至二级学科，需持有学院出具的《研究生具体归属专业（二级学科）证明》。	学生填写《非上海生源应届普通高校毕业生个人信息表》→学院（系）研究生科审核、填写推荐等级并加盖成绩校核章或学院（系）公章→交办事大厅窗口审核用印（审核规则另行提供给大厅办事人员）→窗口领取	无	1	无	无	2014年非上海生源应届普通高校毕业生个人信息表	研究生教学综合办公室	行政服务办事大厅工作时间	玉泉校区教11-216或办事大厅研究生院窗口	研究生院窗口工作人员	88981563、87951396	88981617	http://bsdt.zju.edu.cn/zftal-web/web/lm_sxms.html?transaction_id=108000QR008
科研项目（社科）经费外拨审批	136000XK002	许可服务	承诺件	社会科学研究院	浙大发计[2010]15号?	1、与合作方签订的项目合同； 2、合作项目经费外拨申请单（需项目负责人签字，所属单位审核盖章）。	携带完整材料至行政服务办事大厅111室7号社科院窗口办理	科研项目（社科）经费外拨审批	1-2个工作日	无	无	经费外拨申请单2014版	行政服务办事大厅	工作日8:30—12:00 13:00-17:00	行政服务办事大厅111室7号社科院窗口	朱莲英	88981602	88981617	http://bsdt.zju.edu.cn/zftal-web/web/lm_sxms.html?transaction_id=136000XK002
973计划项目（课题）首笔经费入账分成	135000QT006	其他服务	承诺件	科研院	《关于调整国家科技计划和公益性行业科技专项经费管理办法若干规定的通知》（财教[2011]434号）；《关于印发浙江省省级科技研发和成果转化项目经费管理暂行办法的通知》（浙财教[2012]357号）；《浙江大学科研项目经费管理办法》/《浙江大学关于国家科技计划等课题间接费用管理的规定（试行）》/《浙江大学关于浙江省省级科技研发和成果转化项目间接费用管理的规定（试行）》（浙大发计[2010]15号、16号、17号)；《浙江大学发放纵向科技项目绩效支出的实施细则（试行）》（浙大发科〔2012〕7号）	1、合同书（或任务书、预算书）原件  2、财务到款核销代码   3、与外单位合作协议，经费转拨申请单（经费外拨）；项目经费到款校内分卡申请单（校内分卡）	无	973计划项目（课题）首笔经费入账分成	2个工作日	无	无	项目经费到款校内分成申请单	行政服务办事大厅	工作日8:30—12:00 13:00-17:00	行政服务办事大厅111室9号、10号科研院窗口	方晨鹏	88981603	88981617	http://bsdt.zju.edu.cn/zftal-web/web/lm_sxms.html?transaction_id=135000QT006
关联银行卡	704001GG017	公共服务	即办件	后勤集团	无	1、本人身份证或护照； 2、校园卡； 3、相关联的银行卡。	携带完整材料至行政服务办事大厅111室15号校园卡窗口办理	无	无	无	免费	无	行政服务办事大厅	工作日8:30—12:00 13:00-17:00	行政服务办事大厅111室15号校园卡窗口	梁晓珍	88981606	88981617	http://bsdt.zju.edu.cn/zftal-web/web/lm_sxms.html?transaction_id=704001GG017
咨询可代办(计财处)	122000QT002	其他服务	即办件	无	无	无	无	无	无	无	无	无	无	无	无	无	无	无	http://bsdt.zju.edu.cn/zftal-web/web/lm_sxms.html?transaction_id=122000QT002
其 他省市厅局项目（非国库）首笔经费入账分成	135000QT012	其他服务	承诺件	无	无	无	无	无	无	无	无	无	无	无	无	无	无	无	http://bsdt.zju.edu.cn/zftal-web/web/lm_sxms.html?transaction_id=135000QT012
博士后离校审批	136000QR005	确认服务	即办件	社会科学研究院	无	《浙江大学博士后出站离校单》	携完整材料至行政服务办事大厅111室7号社科院窗办理	无	无	无	无	浙江大学博士后出站离校单	行政服务办事大厅	工作日8:30-12:00 13:00-17:00	行政服务办事大厅111室7号社科院窗口	朱莲英	88981602	88981617	http://bsdt.zju.edu.cn/zftal-web/web/lm_sxms.html?transaction_id=136000QR005
各类以学校名义对外的进口设备及国外赠送的设备、实验材料等相关材料用校印	023000QR008	确认服务	即办件	党办、校办	无	1、进口设备及国外赠送的设备、实验材料等相关材料原件；2、实验室与设备管理处或科研院出具的《用校印联系单》。	携带完整材料至行政服务办事大厅107室1号党办校办窗口用印	各类以学校名义对外的进口设备及国外赠送的设备、实验材料等相关材料用校印	无	无	无	无	行政服务办事大厅	工作日8:30—12:00 13:00—17:00	行政服务办事大厅107室1号党办校办窗口	姚晓红	88981609	88981617	http://bsdt.zju.edu.cn/zftal-web/web/lm_sxms.html?transaction_id=023000QR008
参保学生外地住院或门诊医疗费申请报销	413000GG011	公共服务	即办件	无	无	住院：1.市医保证历本； 2.就诊时记载的病历本； 3.有效医疗费用收据； 4.医疗费用清单，住院需住院费用汇总明细清单和出院记录； 5.身份证（委托他人办理的请携带本人和被委托人身份证、报销人委书）； 6.已备案的《外地就医申请表》或《转外住院备案单》； 7.外伤病人需提供由相关部门盖章核实的外伤经过证明。    门诊：1.本人身份证、市医保证历本、银行卡（入学时学校办理的）原件和复印件；2.有效医疗费用收据、费用明细、就诊时记载的病历原件和复印件；3.医保定点医疗机构的等级证明、实习证明（院系盖章）；4.填写完整的《浙江大学参保学生门诊医疗费用申报单》；外伤者填写《外伤经过说明》。	住院：携带完整材料至行政服务办事大厅115室19号医保办窗口填写《医疗费用申报单》→审核签章→个人就近到市医保经办机构核报。 门诊：携带完整材料至行政服务办事大厅115室19号医保办窗口代收（也可交到各校区医院医保办），每月25日汇总至玉泉校医院医保办代报销，费用打入银行卡。	无	无	无	无	杭州市医保医疗费用申报单(住院报销使用)	行政服务办事大厅	工作日8:30-12:00 13:00-17:00	行政服务办事大厅115室19号医保办窗口	陆建文	88981591	88981617	http://bsdt.zju.edu.cn/zftal-web/web/lm_sxms.html?transaction_id=413000GG011
优秀毕业研究生证明办理、获奖证书复印件盖章	108000QR010	确认服务	即办件	优秀毕业研究生	无	1.提交申请人身份证明材料：学生证或校园卡可办理优秀毕业研究生证明。 2.浙江大学校级奖学金证书(在研究生阶段获得)原件及复印件（请校对原件），审核通过的在复印件上盖研究生院章。	提供学生证或校园卡→在名单中找到自己的姓名→签名→开具证明；提供校级奖学金证书原件和复印件→核对原件和复印件→在复印件上盖研究生院章	无	0	无	无	无	研工部事务办公室	行政服务办事大厅工作时间	玉泉校区教11-221或办事大厅研究生院窗口	研究生院窗口工作人员	87951272、88981563	88981617	http://bsdt.zju.edu.cn/zftal-web/web/lm_sxms.html?transaction_id=108000QR010
计生用具发放	413000GG002	公共服务	即办件	校人口计生办	无	无	至行政服务办事大厅115室18号计生办窗口领取	《计生用具发放》办事流程图	无	无	无	无	行政服务办事大厅	工作日8:30—12:00 13:00-17:00	行政服务办事大厅115室18号计生办窗口	张晓明	88206352	88981617	http://bsdt.zju.edu.cn/zftal-web/web/lm_sxms.html?transaction_id=413000GG002
咨询可代办(科研院)	135000QT031	其他服务	即办件	无	无	无	无	无	无	无	无	无	无	无	无	无	无	无	http://bsdt.zju.edu.cn/zftal-web/web/lm_sxms.html?transaction_id=135000QT031
再生育申请及审核	413000QR008	确认服务	即办件	校人口计生办	无	按照浙江省再生育审批办理规定提供相关材料【见表格下载的“申请再生育审批（特批）提供证明材料清单”】	携带完整材料至行政服务办事大厅115室18号计生办窗口审核签章-→凭计生办窗口审批材料至女方户籍所在街道计生科办理	《再生育申请及审核》办事流程图	无	无	无	申请再生育审批提供证明材料清单	行政服务办事大厅	工作日8:30—12:00 13:00-17:00	行政服务办事大厅115室18号计生办窗口	张晓明	88206352	88981617	http://bsdt.zju.edu.cn/zftal-web/web/lm_sxms.html?transaction_id=413000QR008
本科生校园交通智能通行卡审核用印	113000GG005	公共服务	即办件	本科生院	无	《浙江大学智能通行卡申请表（全日制学生）》（需院系审核用印）	1.填写并打印《浙江大学智能通行卡申请表（全日制学生）》； 2.院系审核用印； 3.本科生院审核用印。	本科生院关于本科生校园交通智能通行卡审核用印流程	无	无	无	浙江大学智能通行卡申请表（全日制学生）	行政服务办事大厅	工作日 8:30—12:00  13:00—17:00	行政服务办事大厅112室26号本科生院窗口	栾海燕	88206189	88981617	http://bsdt.zju.edu.cn/zftal-web/web/lm_sxms.html?transaction_id=113000GG005
研究生博士后进站审批(研究生院）	108000QR003	确认服务	即办件	进站博士后	无	《浙江大学博士后进站审核表》（需所属学院研究生科签字盖章）一份	携带完整材料至行政服务办事大厅112室30号研究生院窗口审核盖章	研究生博士后进站审批(研究生院）	无	无	无	无	研究生管理处	工作日8:30—12:00 13:00-17:00	行政服务办事大厅研究生院窗口	研究生院窗口工作人员	88981563	88981617	http://bsdt.zju.edu.cn/zftal-web/web/lm_sxms.html?transaction_id=108000QR003
国家基金项目首笔经费入账分成	135000QT010	其他服务	即办件	科研院	关于调整国家科技计划和公益性行业科技专项经费管理办法若干规定的通知》（财教[2011]434号）；《关于印发浙江省省级科技研发和成果转化项目经费管理暂行办法的通知》（浙财教[2012]357号）；《浙江大学科研项目经费管理办法》/《浙江大学关于国家科技计划等课题间接费用管理的规定（试行）》/《浙江大学关于浙江省省级科技研发和成果转化项目间接费用管理的规定（试行）》（浙大发计[2010]15号、16号、17号)；《浙江大学发放纵向科技项目绩效支出的实施细则（试行）》（浙大发科〔2012〕7号）	1、合同书（或任务书、预算书）原件  2、财务到款核销代码   3、与外单位合作协议，经费转拨申请单（经费外拨）；项目经费到款校内分卡申请单（校内分卡）	无	国家基金项目首笔经费入账分成	2个工作日	无	无	科研合作经费转拨申请单（2014年3月更新）	行政服务办事大厅	工作日8:30—12:00 13:00-17:00	行政服务办事大厅111室9号、10号科研院窗口	方晨鹏	88981603	88981617	http://bsdt.zju.edu.cn/zftal-web/web/lm_sxms.html?transaction_id=135000QT010
校内学术活动审批	135000QR001	确认服务	即办件	无	无	无	无	无	无	无	无	无	无	无	无	无	无	无	http://bsdt.zju.edu.cn/zftal-web/web/lm_sxms.html?transaction_id=135000QR001
本科生优秀毕业设计（论文）荣誉证书用印	113000GG013	公共服务	即办件	本科生院	无	1.《浙江大学应届优秀本科毕业论文名单（学院上报）表格（已经实践教学办公室审核，院系相关负责人签字盖章）； 2.荣誉证书。	1.学院（系）教学科工作人员到本科生院教务处实践教学办公室领取空白荣誉证书； 2.学院（系）教学科工作人员填写《浙江大学应届优秀本科毕业论文名单（学院上报）》表格，将电子版邮件发送至实践教学办公室； 3.教学实践办公室审核无误后，学院（系）打印《浙江大学应届优秀本科毕业论文名单（学院上报）》表格和荣誉证书； 4.学院（系）有关负责人在《浙江大学应届优秀本科毕业论文名单（学院上报）》表格上签名并加盖学院（系）公章； 5.学院（系）教学科工作人员到行政服务办事大厅本科生院窗口递交《浙江大学应届优秀本科毕业论文名单（学院上报）》表格，荣誉证书加盖本科生院章； 6.《浙江大学应届优秀本科毕业论文名单（学院上报）》表格存档。	无	无	无	无	浙江大学应届优秀本科毕业论文名单（学院上报）	行政服务办事大厅	每年毕业季 工作日 8:30-12:00  13:00-17:00	行政服务办事大厅112室26号本科生院窗口	栾海燕	88206189  88981987	88981617	http://bsdt.zju.edu.cn/zftal-web/web/lm_sxms.html?transaction_id=113000GG013
咨询可代办(外事处)	106000QT002	其他服务	即办件	无	无	无	无	无	无	无	无	无	无	无	无	无	无	无	http://bsdt.zju.edu.cn/zftal-web/web/lm_sxms.html?transaction_id=106000QT002
学校下属各企业资产评估、工商变更、免税等相关材料用校印	023000QR009	确认服务	即办件	党办、校办	无	1、学校下属各企业资产评估、免税、工商变更相关材料原件；2、国资办或圆正控股集团出具的《用校印联系单》。	携带完整材料至行政服务办事大厅107室1号党办校办窗口用印	学校下属各企业资产评估、工商变更、免税等相关材料用校印	无	无	无	无	行政服务办事大厅	工作日8:30—12:00 13:00—17:00	行政服务办事大厅107室1号党办校办窗口	姚晓红	88981609	88981617	http://bsdt.zju.edu.cn/zftal-web/web/lm_sxms.html?transaction_id=023000QR009
职业病危害评价报告（送审稿或者报批稿）用校印审批	135000XK002	许可服务	即办件	科研院	《浙江大学科技项目过程管理办法》（浙大发科[2012]4号）	1、完成的职业病危害评价报告；2、公共卫生系开具的用校印申请单；                        3、科研管理系统生成的校内合同号。	携带完整材料至行政服务办事大厅111室9号、10号科研院窗口办理→凭科研院窗口开具  的用校印联系单至行政服务办事大厅1号党办校办窗口盖学校公章	职业病危害评价报告（送审稿或者报批稿）用校印审批	无	无	无	无	行政服务办事大厅	工作日8:30—12:00 13:00-17:00	行政服务办事大厅111室9号、10号科研院窗口	方晨鹏	88981603	88981617	http://bsdt.zju.edu.cn/zftal-web/web/lm_sxms.html?transaction_id=135000XK002
咨询可代办(社科院)	136000QT005	其他服务	即办件	无	无	无	无	无	无	无	无	无	无	无	无	无	无	无	http://bsdt.zju.edu.cn/zftal-web/web/lm_sxms.html?transaction_id=136000QT005
浙江大学心平自立贷学金新申请（3、10月份）	SHFW00QT015	其他服务	承诺件	浙江大学在校全日制本科生及在校全日制一年级硕士生	《浙江大学心平贷学金项目管理办法》	申请人需出具以下材料：     1、申请人身份证复印件一式四份；     2、申请人学生证复印件一式四份；     3、申请人填写的加盖学院（园）行政章的《浙江大学心平自立贷学金借款申请表》一式四份；   4、由学院本科生办公室开出的申请人的学年成绩单一式一份（成绩单须注明“专业排名/专业总人数”以及加盖学院行政章，一年级新生无成绩要求）。排名上加盖学院（园）行政章	每年3月、10月学工部网站资助版块发布《浙江大学心平自立贷学金申请通知》（www.xgb.zju.edu.cn）→资助中心通过短信平台和辅导员通知学生→申请者填写《浙江大学心平自立贷学金借款申请表》，并到其所属学院相关处加盖行政公章→申请者到其所属学院相关负责老师处开具学年成绩证明→申请者备齐所需材料，上交至学工部贷款服务中心→学工部贷款服务中心进行审核，审核通过后将申请材料交至心平基金会进行审核→审核通过后学工部贷款服务中心组织申请者进行《心平自立贷学金借款合同的签订》→心平基金会对申请者签署合同再次进行审核后放款→心平基金会在合同签订之日起20个工作日内将第一学期的贷学金划到借款人指定账户，第二学期的贷学金在浙江大学开学当初划入借款人指定账户。	无	无	无	无	浙江大学心平自立贷学金借款【申请表】	学工部资助办公室国家助学贷款服务中心	周一至周五上班时间	浙江大学紫金港校区行政办事大厅	无	88206282	88206586	http://bsdt.zju.edu.cn/zftal-web/web/lm_sxms.html?transaction_id=SHFW00QT015
咨询可代办(研究生院)	108000QT011	其他服务	即办件	无	无	无	无	无	无	无	无	无	无	无	无	无	无	无	http://bsdt.zju.edu.cn/zftal-web/web/lm_sxms.html?transaction_id=108000QT011
非首次横向国际科技合作项目经费分成办理	135000QT032	其他服务	承诺件	无	无	无	无	无	无	无	无	无	无	无	无	无	无	无	http://bsdt.zju.edu.cn/zftal-web/web/lm_sxms.html?transaction_id=135000QT032
国家863计划项目（课题）首笔经费入账分成	135000QT008	其他服务	承诺件	科研院	《关于调整国家科技计划和公益性行业科技专项经费管理办法若干规定的通知》（财教[2011]434号）；《关于印发浙江省省级科技研发和成果转化项目经费管理暂行办法的通知》（浙财教[2012]357号）；《浙江大学科研项目经费管理办法》/《浙江大学关于国家科技计划等课题间接费用管理的规定（试行）》/《浙江大学关于浙江省省级科技研发和成果转化项目间接费用管理的规定（试行）》（浙大发计[2010]15号、16号、17号)；《浙江大学发放纵向科技项目绩效支出的实施细则（试行）》（浙大发科〔2012〕7号）	1、合同书（或任务书、预算书）原件  2、财务到款核销代码   3、与外单位合作协议，经费转拨申请单（经费外拨）；项目经费到款校内分卡申请单（校内分卡）	无	国家863计划项目（课题）首笔经费入账分成	2个工作日	无	无	科研合作经费转拨申请单（2014年3月更新）	行政服务办事大厅	工作日8:30—12:00 13:00-17:00	行政服务办事大厅111室9号、10号科研院窗口	方晨鹏	88981603	88981617	http://bsdt.zju.edu.cn/zftal-web/web/lm_sxms.html?transaction_id=135000QT008
国家科技重大专项项目首笔经费入账分成	135000QT004	其他服务	承诺件	无	无	无	无	无	无	无	无	无	无	无	无	无	无	无	http://bsdt.zju.edu.cn/zftal-web/web/lm_sxms.html?transaction_id=135000QT004
咨询可代办(校医院)	413000QT006	其他服务	即办件	无	无	无	无	无	无	无	无	无	无	无	无	无	无	无	http://bsdt.zju.edu.cn/zftal-web/web/lm_sxms.html?transaction_id=413000QT006
研究生办理硕士、博士学位证明	108000GG003	公共服务	承诺件	研究生	无	1. 《浙江大学办理硕士、博士学位证明申请表》1份； 2. 学位申请书（复印件）1份（可从浙江大学档案馆（西溪校区）复印）； 3. 携带身份证原件，并提供复印件1份； 4. 申请人二寸近照2张。	准备好四项材料->导师签字->院（系）研究生科盖章->携带材料至玉泉研究生院学位办或行政服务办事大厅研究生院窗口办理。	无	30天	无	无	浙江大学办理硕士、博士学位证明申请表	学位管理办公室	周一至周五工作时间（寒暑假除外）	玉泉校区教11-218或办事大厅研究生院窗口	王老师	87953135、88981563	87951682	http://bsdt.zju.edu.cn/zftal-web/web/lm_sxms.html?transaction_id=108000GG003
国家和省部重点实验室开放基金首笔经费入账分成	135000QT013	其他服务	承诺件	无	无	无	无	无	无	无	无	无	无	无	无	无	无	无	http://bsdt.zju.edu.cn/zftal-web/web/lm_sxms.html?transaction_id=135000QT013
校园卡解冻	704001GG012	公共服务	即办件	后勤集团	无	1、本人身份证或护照； 2、校园卡。	携带完整材料至行政服务办事大厅111室15号校园卡窗口办理	无	无	无	免费	无	行政服务办事大厅	工作日8:30—12:00 13:00-17:00	行政服务办事大厅111室15号校园卡窗口	梁晓珍	88981606	88981617	http://bsdt.zju.edu.cn/zftal-web/web/lm_sxms.html?transaction_id=704001GG012
国家科技支撑计划项目（课题）首笔经费入账分成	135000QT009	其他服务	承诺件	科研院	《关于调整国家科技计划和公益性行业科技专项经费管理办法若干规定的通知》（财教[2011]434号）；《关于印发浙江省省级科技研发和成果转化项目经费管理暂行办法的通知》（浙财教[2012]357号）；《浙江大学科研项目经费管理办法》/《浙江大学关于国家科技计划等课题间接费用管理的规定（试行）》/《浙江大学关于浙江省省级科技研发和成果转化项目间接费用管理的规定（试行）》（浙大发计[2010]15号、16号、17号)；《浙江大学发放纵向科技项目绩效支出的实施细则（试行）》（浙大发科〔2012〕7号）	1、合同书（或任务书、预算书）原件  2、财务到款核销代码   3、与外单位合作协议，经费转拨申请单（经费外拨）；项目经费到款校内分卡申请单（校内分卡）	无	国家科技支撑计划项目（课题）首笔经费入账分成	2个工作日	无	无	科研合作经费转拨申请单（2014年3月更新）	行政服务办事大厅	工作日8:30—12:00 13:00-17:00	行政服务办事大厅111室9号、10号科研院窗口	方晨鹏	88981603	88981617	http://bsdt.zju.edu.cn/zftal-web/web/lm_sxms.html?transaction_id=135000QT009
咨询可代办(信息中心)	407007QT002	其他服务	即办件	无	无	无	无	无	无	无	无	无	无	无	无	无	无	无	http://bsdt.zju.edu.cn/zftal-web/web/lm_sxms.html?transaction_id=407007QT002
横向国际科技合作项目首笔经费入账分成	135000QT025	其他服务	承诺件	无	无	无	无	无	无	无	无	无	无	无	无	无	无	无	http://bsdt.zju.edu.cn/zftal-web/web/lm_sxms.html?transaction_id=135000QT025
咨询可代办(安保处)	131000QT003	其他服务	即办件	无	无	无	无	无	无	无	无	无	无	无	无	无	无	无	http://bsdt.zju.edu.cn/zftal-web/web/lm_sxms.html?transaction_id=131000QT003
横向科技项目经费支付会议费审批	135000QT029	其他服务	承诺件	无	无	无	无	无	无	无	无	无	无	无	无	无	无	无	http://bsdt.zju.edu.cn/zftal-web/web/lm_sxms.html?transaction_id=135000QT029
科技部重大科学仪器设备开发专项首笔经费入账分成	135000QT014	其他服务	承诺件	无	无	无	无	无	无	无	无	无	无	无	无	无	无	无	http://bsdt.zju.edu.cn/zftal-web/web/lm_sxms.html?transaction_id=135000QT014
科技部国际科技合作首笔经费入账分成	135000QT016	其他服务	承诺件	无	无	无	无	无	无	无	无	无	无	无	无	无	无	无	http://bsdt.zju.edu.cn/zftal-web/web/lm_sxms.html?transaction_id=135000QT016
浙江大学校内无息借款申请（5、9月份）	SHFW00QT016	其他服务	承诺件	经学校认定的全日制本科经济困难生	《浙江大学校内无息借款实施细则》	1、申请人填写的加盖学院（园）行政章的《浙江大学无息借款申请表》一式两份   2学院（园）审核加盖行政章的《浙江大学校内无息借款汇总表》一式一份	每年的5、9月份学工部网站资助版块发布《浙江大学校内无息借款申请通知》（www.xgb.zju.edu.cn）→资助中心通知学院及学院辅导员通知学生→学生本人向所在学院提出申请，填写《浙江大学校内无息借款申请表》→学院进行申请表的审核以及盖章→学院将纸质汇总名单以及学生的个人纸质申请表移交至学生资助办公室,同时电子版汇总表发至资助办公室贷款中心邮箱（dkzx@zju.edu.cn）→学生工作处进行审核确定借款人名单→学生工作处公示审定名单→学生工作处将审定名单提供给计财财务处→计财处核算发放无息借款。	无	无	无	无	浙江大学校内无息借款申请表	学工部资助办公室贷款服务中心	周一至周五上班时间	浙江大学紫金港校区行政办事大厅	无	资助办公室贷款服务中心：88206282	88206586	http://bsdt.zju.edu.cn/zftal-web/web/lm_sxms.html?transaction_id=SHFW00QT016
部委公益性行业科研专项项目首笔经费入账分成	135000QT011	其他服务	承诺件	无	无	无	无	无	无	无	无	无	无	无	无	无	无	无	http://bsdt.zju.edu.cn/zftal-web/web/lm_sxms.html?transaction_id=135000QT011
材料收缴（博士研究生学术新人奖项目、浙江省研究生创新科研项目）	108000QT003	其他服务	即办件	研究生	无	1. 研究生提交博士研究生学术新人奖、浙江省研究生创新科研项目申请材料。 2．入选研究生提交博士研究生学术新人奖、浙江省研究生创新科研项目中期考核材料。 3．入选研究生提交博士研究生学术新人奖、浙江省研究生创新科研项目结题材料。	紫金港校区研究生持申请材料、中期考核材料、结题材料→交办事大厅窗口→研究生根据培养处网上通知参加面试→教育部审核发文后根据培养处要求提交中期考核材料、结题材料→窗口转交材料至培养处。	无	1	无	无	无	研究生培养处	相关时间段内行政服务办事大厅工作时间	玉泉校区教11-214或办事大厅研究生院窗口	研究生培养处	87951136、88981563	88981617	http://bsdt.zju.edu.cn/zftal-web/web/lm_sxms.html?transaction_id=108000QT003
国家其他部委项目首笔经费入账分成	135000QT034	其他服务	承诺件	无	无	无	无	无	无	无	无	无	无	无	无	无	无	无	http://bsdt.zju.edu.cn/zftal-web/web/lm_sxms.html?transaction_id=135000QT034
研究生出国交流经费审批	136000QR007	确认服务	即办件	社会科学研究院	无	浙江大学因公临时出国（境）申请表（研究生用）的表格已使用网上提交审批系统，网址为：http://grs.zju.edu.cn/News/html/grs/pygcjgl/gpcg/gpcg_bszn/2008-10-28/271-20081028093447.html	携完整材料至行政服务办事大厅111室7号社科院窗口	无	无	无	无	无	行政服务办事大厅	工作日8:30-12:00 13:00-17:0	行政服务办事大厅111室7号社科院窗口	朱莲英	88981602	88981617	http://bsdt.zju.edu.cn/zftal-web/web/lm_sxms.html?transaction_id=136000QR007
校园卡冻结	704001GG011	公共服务	即办件	后勤集团	无	1、本人身份证或护照。	携带完整材料至行政服务办事大厅111室15号校园卡窗口办理	无	无	无	免费	无	行政服务办事大厅	工作日8:30—12:00 13:00-17:00	行政服务办事大厅111室15号校园卡窗口	梁晓珍	88981606	88981617	http://bsdt.zju.edu.cn/zftal-web/web/lm_sxms.html?transaction_id=704001GG011
横向科技项目外协经费转拨审批	135000QT030	其他服务	承诺件	无	无	无	无	无	无	无	无	无	无	无	无	无	无	无	http://bsdt.zju.edu.cn/zftal-web/web/lm_sxms.html?transaction_id=135000QT030
研究生应届毕业生进沪就业申办上海户籍具体归属专业（二级学科）证明受理	108000QR007	确认服务	即办件	应界毕业研究生	无	1.《研究生具体归属专业（二级学科）证明》 2.《研究生具体归属专业（二级学科）审核意见表》 3.《非上海生源应届普通高校毕业生个人信息表》	研究生持《非上海生源应届普通高校毕业生个人信息表》申请专业（二级学科）具体归属 →学院（系）研究生科确认研究生具体专业（二级学科）归属，出具《研究生具体归属专业（二级学科）审核意见表》、《研究生具体归属专业（二级学科）证明》→申报材料交办事大厅窗口审核（审核规则另行提供给大厅办事人员）→审核通过用研究生院印→窗口领取	无	1	无	无	20110321001专业归属证明材料(1)	研究生教学综合办公室	行政服务办事大厅工作时间	玉泉校区教11-216或办事大厅研究生院窗口	研究生院窗口工作人员	88981563、87951396	88981617	http://bsdt.zju.edu.cn/zftal-web/web/lm_sxms.html?transaction_id=108000QR007
科技基础性工作专项首笔经费入账分成	135000QT015	其他服务	承诺件	无	无	无	无	无	无	无	无	无	无	无	无	无	无	无	http://bsdt.zju.edu.cn/zftal-web/web/lm_sxms.html?transaction_id=135000QT015
国家重大科学研究计划项目首笔经费入账分成	135000QT005	其他服务	承诺件	无	无	无	无	无	无	无	无	无	无	无	无	无	无	无	http://bsdt.zju.edu.cn/zftal-web/web/lm_sxms.html?transaction_id=135000QT005
咨询可代办(本科生院)	113000QT002	其他服务	即办件	无	无	无	无	无	无	无	无	无	无	无	无	无	无	无	http://bsdt.zju.edu.cn/zftal-web/web/lm_sxms.html?transaction_id=113000QT002
教育部霍英东基金会高等院校青年教师基金经费申领	135000QT018	其他服务	承诺件	无	无	无	无	无	无	无	无	无	无	无	无	无	无	无	http://bsdt.zju.edu.cn/zftal-web/web/lm_sxms.html?transaction_id=135000QT018
研究生无经济适用房证明办理	108000QR004	确认服务	即办件	在读研究生	无	《无经济适用房证明表》(需所属学院研究生科签字盖章）一份	携带完整材料至行政服务办事大厅研究生院窗口办理	研究生无经济适用房证明办理	无	无	无	无	研究生管理处	工作日8:30—12:00 13:00-17:00	行政服务办事大厅研究生院窗口	研究生院窗口工作人员	88981563、87951446	88981617	http://bsdt.zju.edu.cn/zftal-web/web/lm_sxms.html?transaction_id=108000QR004
钱江人才计划（非国库）首笔经费入账分成	135000QT024	其他服务	承诺件	无	无	无	无	无	无	无	无	无	无	无	无	无	无	无	http://bsdt.zju.edu.cn/zftal-web/web/lm_sxms.html?transaction_id=135000QT024
进修证书办理	113000GG011	公共服务	即办件	本科生院	无	1.本人有效身份证； 2.在校成绩单（需加盖院系成绩核对章）； 3.近期免冠正面2寸相片1张。	1.审核材料（成绩单存档）； 2.生成证书编号； 3.打印证书； 4.盖本科生院公章。	本科生院关于进修证书办理流程	无	无	无	无	行政服务办事大厅	工作日 8:30-12:00  13:00-17:00	行政服务办事大厅112室26号本科生院窗口	栾海燕	88206236	88981617	http://bsdt.zju.edu.cn/zftal-web/web/lm_sxms.html?transaction_id=113000GG011
出国留学在读证明、学习成绩公证	SHFW00QT004	其他服务	即办件	浙江省杭州市西湖公证处	公证法	   一、申请人的身份证明。   本人办理：1.申请人身份证、户籍证明、校园卡或学生证。   他人代办：1.申请人身份证、户籍证明、校园卡或学生证；2.代办人身份证；3.申请人亲笔签名授权代办人的委托书。   二、经教务处或研究生院盖章的《在读证明》、《大学成绩单》、《硕士、博士研究生成绩单》原件。  三、经学院盖章的《学历、学位、成绩证明》表格。	申请人携带身份证明、《在读证明》、《大学成绩单》、《硕士、博士成绩单》原件等申请材料至校行政服务大厅115室18号公证窗口办理。	无	5个工作日 （可代办《公证书》邮寄）	无	浙江省公证收费标准	学历学位成绩证明书	浙江省杭州市西湖公证处	每周四8:30-12:00,13:00-16:30	校行政服务大厅115室18号公证窗口	无	87992769, 87962403	无	http://bsdt.zju.edu.cn/zftal-web/web/lm_sxms.html?transaction_id=SHFW00QT004
教育部留学回国人员科研启动基金首笔经费入账分成	135000QT019	其他服务	承诺件	无	无	无	无	无	无	无	无	无	无	无	无	无	无	无	http://bsdt.zju.edu.cn/zftal-web/web/lm_sxms.html?transaction_id=135000QT019
在校本科生学生证乘车区间更改	113000GG014	公共服务	即办件	无	无	1.学生书面申请材料（必须写明情况，由院系或学园审核签字并盖章）； 2.本人学生证。	1.学生提供申请材料； 2.院系或学园审核，并签字盖章； 3.学生携带申请材料和学生证到办事大厅本科生院窗口办理。	在校本科生学生证乘车区间更改流程	无	无	0	无	本科生院	工作日 8:30-12:00 13:00-17:00 （星期五下午15：00以后不办公）	行政服务办事大厅	栾海燕	88206189	88981617	http://bsdt.zju.edu.cn/zftal-web/web/lm_sxms.html?transaction_id=113000GG014
浙江省国际科技合作项目（非国库）首笔入账分成	135000QT033	其他服务	承诺件	无	无	无	无	无	无	无	无	无	无	无	无	无	无	无	http://bsdt.zju.edu.cn/zftal-web/web/lm_sxms.html?transaction_id=135000QT033
驾驶证公证	SHFW00QT009	其他服务	即办件	浙江省杭州市西湖公证处	公证法	   一、申请人的身份证明原件。   本人办理：1.申请人身份证、户籍证明、校园卡或学生证。   他人代办：1.申请人身份证、户籍证明、校园卡或学生证；2.代办人身份证；3.申请人亲笔签名授权代办人的委托书。  二、申请人的《驾驶证》原件	申请人携带身份证明、驾驶证等申请材料至校行政服务大厅115室18号公证窗口办理。	无	5个工作日（可代办《公证书》邮寄）	无	浙江省公证收费标准	无	浙江省杭州市西湖公证处	每周四8:30-12:00,13:00-16:30	校行政服务大厅115室18号公证窗口	无	87992769, 87962403	无	http://bsdt.zju.edu.cn/zftal-web/web/lm_sxms.html?transaction_id=SHFW00QT009
教育部博士点基金课题首笔经费入账分成	135000QT017	其他服务	即办件	无	无	无	无	无	无	无	无	无	无	无	无	无	无	无	http://bsdt.zju.edu.cn/zftal-web/web/lm_sxms.html?transaction_id=135000QT017
研究生招生报名咨询	108000QT002	其他服务	即办件	社会人员、在校师生	无	无	到行政服务办事大厅112室30号研究生院窗口现场咨询	研究生招生报名咨询	无	无	无	无	无	工作日8:30—12:00 13:00-17:00	行政服务办事大厅112室30号研究生院窗口	研招办	88981563、87951349	88981617	http://bsdt.zju.edu.cn/zftal-web/web/lm_sxms.html?transaction_id=108000QT002
咨询可代办(后勤集团)	704001QT002	其他服务	即办件	无	无	无	无	无	无	无	无	无	无	无	无	无	无	无	http://bsdt.zju.edu.cn/zftal-web/web/lm_sxms.html?transaction_id=704001QT002
ITER计划项目首笔经费入账分成	135000QT007	其他服务	承诺件	无	无	无	无	无	无	无	无	无	无	无	无	无	无	无	http://bsdt.zju.edu.cn/zftal-web/web/lm_sxms.html?transaction_id=135000QT007
非全日制专业学位研究生学生证补办	108000QR016	确认服务	即办件	在职研究生	无	申请人需出具以下材料： 申请人一寸彩色照片、身份证或校园卡。 如委托他人代办的，委托人需持： （1）申请人的一寸彩色照片、身份证或校园卡； （2）申请人的授权委托书。	核验申请人或委托人身份→提供空白学生证并出具用印单	无	无	无	无	无	专业学位管理办公室	行政服务办事大厅工作时间	玉泉校区教11-246或办事大厅研究生院窗口	专业学位管理办公室	87951446、88981563	88981617	http://bsdt.zju.edu.cn/zftal-web/web/lm_sxms.html?transaction_id=108000QR016
研究生课程学分校际互认申请受理	108000QR009	确认服务	承诺件	研究生	无	1.《浙江大学研究生课程学分校际间转换申请表》 2．对方学校课程成绩原件及复印件一份	填写《浙江大学研究生课程学分校际间转换申请表》，附对方学校课程成绩原件及复印件一份→导师、所在学院（系）签署意见→办事大厅窗口申报材料收取→申报材料转交研究生培养处→研究生培养处在研究生院管理系统完成转换课程成绩确认→研究生登录研究生管理系统“我的课程”栏查询申请转换课程学分获得情况。	无	5	无	无	20091207001浙江大学研究生课程学分校际间转换申请表	研究生教学综合办公室	行政服务办事大厅工作时间	玉泉校区教11-216或办事大厅研究生院窗口	研究生院窗口工作人员	88981563、87951396	88981563	http://bsdt.zju.edu.cn/zftal-web/web/lm_sxms.html?transaction_id=108000QR009
出生公证	SHFW00QT006	其他服务	即办件	浙江省杭州市西湖公证处	公证法	   一、申请人的身份证明原件。   本人办理：1.申请人身份证、户籍证明。   他人代办：1.申请人身份证、户籍证明；2.代办人身份证；3.申请人亲笔签名授权代办人的委托书。   二、申请人父母身份证、户口本、结婚证/离婚证离婚协议书。   三、申请人的《出生医学证明》原件；若申请人无《出生医学证明》可提供派出所或人事档案所在单位出具的《出生证明》（见下载表格）。  四、前往美国、法国、奥地利使用出生公证书需提供申请人两寸照片3张。	申请人携带身份证明、出生证明等申请材料至校行政服务大厅115室18号公证窗口办理。	无	5个工作日（可代办《公证书》邮寄）	无	浙江省公证收费标准	出生证明书	浙江省杭州市西湖公证处	每周四8:30-12:00,13:00-16:30	校行政服务大厅115室18号公证窗口	无	87992769, 87962403	无	http://bsdt.zju.edu.cn/zftal-web/web/lm_sxms.html?transaction_id=SHFW00QT006
无犯罪记录公证	SHFW00QT008	其他服务	即办件	浙江省杭州市西湖公证处	公证法	   一、申请人的身份证明原件。   本人办理：1.申请人身份证、户籍证明、校园卡或学生证。   他人代办：1.申请人身份证、户籍证明、校园卡或学生证；2.代办人身份证；3.申请人亲笔签名授权代办人的委托书。  二、派出所出具的《公民无犯罪记录证明》（见下载表格）。	申请人携带身份证明、无犯罪记录证明等申请材料至校行政服务大厅115室18号公证窗口办理。	无	5个工作日（可代办《公证书》邮寄）	无	浙江省公证收费标准	无	浙江省杭州市西湖公证处	每周四8:30-12:00,13:00-16:30	校行政服务大厅115室18号公证窗口	无	87992769, 87962403	无	http://bsdt.zju.edu.cn/zftal-web/web/lm_sxms.html?transaction_id=SHFW00QT008
《声明书》公证	SHFW00QT013	其他服务	即办件	浙江省杭州市西湖公证处	公证法	   一、申请人（声明人）身份证明原件（包括身份证、户口本）；   二、与声明事项相关的证明材料；  三、声明书。	申请人（声明人）携带身份证明、与声明事项相关的证明材料至校行政服务大厅115室18号公证窗口办理。	无	5个工作日（可代办《公证书》邮寄）	无	浙江省公证收费标准	无	浙江省杭州市西湖公证处	每周四8:30-12:00,13:00-16:30	校行政服务大厅115室18号公证窗口	无	87992769, 87962403	无	http://bsdt.zju.edu.cn/zftal-web/web/lm_sxms.html?transaction_id=SHFW00QT013
校园卡扣款	704001GG014	公共服务	即办件	后勤集团	无	需要扣款的校园卡账号清单	携带完整材料至行政服务办事大厅111室15号校园卡窗口办理	无	无	无	免费	无	行政服务办事大厅	工作日8:30—12:00 13:00-17:00	行政服务办事大厅111室15号校园卡窗口	梁晓珍	88981606	88981617	http://bsdt.zju.edu.cn/zftal-web/web/lm_sxms.html?transaction_id=704001GG014
生源地国家助学贷款回执受理	SHFW00QT017	其他服务	承诺件	浙江大学在校全日制本科生、研究生	《国家开发银行国家生源地信用助学贷款指导意见》	生源地信用助学贷款受理证明材料（回执单等）	学工部网站资助版块发布递交生源地信用助学贷款相关材料的通知→ ①国家开发银行 国家开发银行生源地国家助学贷款系统里录入回执信息→贷款审批→发放贷款→校计财处划付资金 ②信用社办理 盖学生资助中心的章→寄回生源地→生源地发放贷款	生源地国家助学贷款回执受理办理流程图	无	无	无	生源地国家助学贷款回执受理办理流程图	国家助学贷款服务中心	周一至周四8:30-12:00,13:00-17:00  周五8:30-12:00,13:00-15:00	行政服务办事大厅112室29号窗口	无	88981730	88981617	http://bsdt.zju.edu.cn/zftal-web/web/lm_sxms.html?transaction_id=SHFW00QT017
《浙大教师出国（境）协议书》公证	SHFW00QT010	其他服务	即办件	浙江省杭州市西湖公证处	公证法	一、申请人身份证明原件（包括身份证、户口本、校园卡或工作证）。   二、保证人身份证明原件（包括身份证、户口本、校园卡或工作证）。   经校方盖章的《浙大教师出国（境）协议书》一式四份。	申请人、保证人携带身份证明、出国（境）协议书等申请材料至校行政服务大厅115室18号公证窗口办理。	无	5个工作日（可代办《公证书》邮寄）	无	浙江省公证收费标准	无	浙江省杭州市西湖公证处	每周四8:30-12:00,13:00-16:30	校行政服务大厅115室18号公证窗口	无	87992769, 87962403	无	http://bsdt.zju.edu.cn/zftal-web/web/lm_sxms.html?transaction_id=SHFW00QT010
咨询可代办(继教处)	133000QT002	其他服务	即办件	无	无	无	无	无	无	无	无	无	无	无	无	无	无	无	http://bsdt.zju.edu.cn/zftal-web/web/lm_sxms.html?transaction_id=133000QT002
《委托书》公证	SHFW00QT012	其他服务	即办件	浙江省杭州市西湖公证处	公证法	   一、申请人（委托人）身份证明原件（包括身份证、户口本）；   二、受托人身份证；   三、与委托事项相关的证明材料；  四、委托书。	申请人（委托人）携带身份证明、与委托事项相关的证明材料至校行政服务大厅115室18号公证窗口办理。	无	5个工作日（可代办《公证书》邮寄）	无	浙江省公证收费标准	无	浙江省杭州市西湖公证处	每周四8:30-12:00,13:00-16:30	校行政服务大厅115室18号公证窗口	无	87992769, 87962403	无	http://bsdt.zju.edu.cn/zftal-web/web/lm_sxms.html?transaction_id=SHFW00QT012
应征入伍服义务兵役学生学费补偿、国家助学贷款代偿申请	SHFW00QT020	其他服务	承诺件	无	《高等学校学生应征入伍服义务兵役国家资助办法》（财教[2013]236号）	     1、高校学生应征入伍学费补偿国家助学贷款代偿申请表一式一份  2、应征入伍通知书复印件一式一份    	学工部网站资助版块发布新申请通知→申请者备齐所需材料，至国家助学贷款服务中心办理→学工部审核，工作人员到相关部门盖章→为符合申请条件的申请人发放代偿金	无	无	无	无	征兵入伍代偿申请审批服务事项信息表	国家助学贷款服务中心	周一至周四8:30-12:00,13:00-17:00  周五8:30-12:00,13:00-15:00	行政服务办事大厅112室29号窗口	无	88981730	88981617	http://bsdt.zju.edu.cn/zftal-web/web/lm_sxms.html?transaction_id=SHFW00QT020
亲属关系公证	SHFW00QT007	其他服务	即办件	浙江省杭州市西湖公证处	公证法	   一、申请人的身份证明原件。   本人办理：1.申请人身份证、户籍证明、校园卡或学生证。   他人代办：1.申请人身份证、户籍证明、校园卡或学生证；2.代办人身份证；3.申请人亲笔签名授权代办人的委托书。   二、关系人的身份证、户口本   三、申请人的《出生医学证明》原件。   四、申请人父母的结婚证/离婚证离婚协议书。  五、派出所或申请人人事档案所在单位出具的《亲属关系证明》（见下载表格）。	申请人携带身份证明、亲属关系证明等申请材料至校行政服务大厅115室18号公证窗口办理。	无	5个工作日（可代办《公证书》邮寄）	无	浙江省公证收费标准	亲属关系证明书	浙江省杭州市西湖公证处	每周四8:30-12:00,13:00-16:30	校行政服务大厅115室18号公证窗口	无	87992769, 87962403	无	http://bsdt.zju.edu.cn/zftal-web/web/lm_sxms.html?transaction_id=SHFW00QT007
普通高等学校退役士兵学费资助申请	SHFW00QT019	其他服务	承诺件	浙江大学在校退役本科生	《高等学校学生应征入伍服义务兵役国家资助办法》（财教[2013]236号）、《关于调整完善国家助学贷款相关政策措施的通知》(财教[2014]180号)	   1、普通高等学校退役士兵学费资助申请表一式一份  2、退伍证复印件一式一份	学工部网站资助版块发布新申请通知→申请者备齐所需材料，至国家助学贷款服务中心办理→学工部审核，工作人员到相关部门盖章，从经济困难生库为符合申请条件的同学办理学费减免	无	无	无	无	退役复学学费减免审批服务事项信息表	国家助学贷款服务中心	周一至周四8:30-12:00,13:00-17:00 周五8:30-12:00,13:00-15:00	行政服务办事大厅112室29号窗口	无	88981730	88981617	http://bsdt.zju.edu.cn/zftal-web/web/lm_sxms.html?transaction_id=SHFW00QT019
浙江省公益性技术应用研究项目（非国库）首笔经费入账	135000QT035	其他服务	承诺件	无	无	无	无	无	无	无	无	无	无	无	无	无	无	无	http://bsdt.zju.edu.cn/zftal-web/web/lm_sxms.html?transaction_id=135000QT035
浙江省自然科学基金（非国库）首笔经费入账分成	135000QT021	其他服务	即办件	无	无	无	无	无	无	无	无	无	无	无	无	无	无	无	http://bsdt.zju.edu.cn/zftal-web/web/lm_sxms.html?transaction_id=135000QT021
浙江省分析测试基金和动物实验平台项目首笔经费入账分成	135000QT022	其他服务	承诺件	无	无	无	无	无	无	无	无	无	无	无	无	无	无	无	http://bsdt.zju.edu.cn/zftal-web/web/lm_sxms.html?transaction_id=135000QT022
出国留学毕业证书、学位公证	SHFW00QT005	其他服务	即办件	浙江省杭州市西湖公证处	公证法	 一、申请人的身份证明。  本人办理：1.申请人身份证、户籍证明、校园卡或学生证。   他人代办：1.申请人身份证、户籍证明、校园卡或学生证；2.代办人身份证；3.申请人亲笔签名授权代办人的委托书。   二、《毕业证书》、《学位证书》原件。  三、经学院盖章的《学历、学位、成绩证明》表格。	申请人携带身份证明、《毕业证书》、《学位证书》原件等申请材料至校行政服务大厅115室18号公证窗口办理。	无	5个工作日（可代办《公证书》邮寄）	无	浙江省公证收费标准	学历学位成绩证明书	浙江省杭州市西湖公证处	每周四8:30-12:00,13:00-16:30	校行政服务大厅115室18号公证窗口	无	87992769, 87962403	无	http://bsdt.zju.edu.cn/zftal-web/web/lm_sxms.html?transaction_id=SHFW00QT005
浙江省重大科技专项项目（非国库）首笔经费入账分成	135000QT036	其他服务	承诺件	无	无	无	无	无	无	无	无	无	无	无	无	无	无	无	http://bsdt.zju.edu.cn/zftal-web/web/lm_sxms.html?transaction_id=135000QT036
《资助出国留学协议书》公证	SHFW00QT011	其他服务	即办件	浙江省杭州市西湖公证处	公证法	   一、申请人身份证明原件（包括身份证、户口本、校园卡或工作证）；   二、保证人身份证明原件（包括身份证、户口本、校园卡或工作证）；   三、保证人具有经济担保能力的证明（包括所在单位出具的《稳定收入证明》、房产证、存款证明等）；   四、资助出国留学资格证明；  五、《资助出国留学协议书》一式六份。	申请人及两位保证人携带身份证明、出国留学协议书等申请材料至校行政服务大厅115室18号公证窗口办理。	无	5个工作日（可代办《公证书》邮寄）	无	浙江省公证收费标准	无	浙江省杭州市西湖公证处	每周四8:30-12:00,13:00-16:30	校行政服务大厅115室18号公证窗口	无	87992769, 87962403	无	http://bsdt.zju.edu.cn/zftal-web/web/lm_sxms.html?transaction_id=SHFW00QT011
